Overall Qual,Gr Liv Area,Garage Cars,Garage Area,Total Bsmt SF,1st Flr SF,Year Built,Full Bath,Year Remod/Add,TotRms AbvGrd,Lot Area,Neighborhood,House Style,Exterior 1st,SalePrice
6,1656,2.0,528.0,1080.0,1656,1960,1,1960,7,31770,NAmes,1Story,BrkFace,215000
5,896,1.0,730.0,882.0,896,1961,1,1961,5,11622,NAmes,1Story,VinylSd,105000
6,1329,1.0,312.0,1329.0,1329,1958,1,1958,6,14267,NAmes,1Story,Wd Sdng,172000
7,2110,2.0,522.0,2110.0,2110,1968,2,1968,8,11160,NAmes,1Story,BrkFace,244000
5,1629,2.0,482.0,928.0,928,1997,2,1998,6,13830,Gilbert,2Story,VinylSd,189900
6,1604,2.0,470.0,926.0,926,1998,2,1998,7,9978,Gilbert,2Story,VinylSd,195500
8,1338,2.0,582.0,1338.0,1338,2001,2,2001,6,4920,StoneBr,1Story,CemntBd,213500
8,1280,2.0,506.0,1280.0,1280,1992,2,1992,5,5005,StoneBr,1Story,HdBoard,191500
8,1616,2.0,608.0,1595.0,1616,1995,2,1996,5,5389,StoneBr,1Story,CemntBd,236500
7,1804,2.0,442.0,994.0,1028,1999,2,1999,7,7500,Gilbert,2Story,VinylSd,189000
6,1655,2.0,440.0,763.0,763,1993,2,1994,7,10000,Gilbert,2Story,HdBoard,175900
6,1187,2.0,420.0,1168.0,1187,1992,2,2007,6,7980,Gilbert,1Story,HdBoard,185000
6,1465,2.0,393.0,789.0,789,1998,2,1998,7,8402,Gilbert,2Story,VinylSd,180400
7,1341,2.0,506.0,1300.0,1341,1990,1,1990,5,10176,Gilbert,1Story,HdBoard,171500
8,1502,2.0,528.0,1488.0,1502,1985,1,1985,4,6820,StoneBr,1Story,HdBoard,212000
8,3279,3.0,841.0,1650.0,1690,2003,3,2003,12,53504,StoneBr,2Story,CemntBd,538000
8,1752,2.0,492.0,559.0,1080,1988,2,2005,8,12134,Gilbert,1.5Fin,Wd Sdng,164000
9,1856,3.0,834.0,1856.0,1856,2010,1,2010,8,11394,StoneBr,1Story,VinylSd,394432
4,864,2.0,400.0,864.0,864,1951,1,1951,4,19138,Gilbert,1Story,VinylSd,141000
6,2073,2.0,500.0,1542.0,2073,1978,2,1988,7,13175,NWAmes,1Story,Plywood,210000
6,1844,2.0,546.0,1844.0,1844,1977,2,1977,7,11751,NWAmes,1Story,Plywood,190000
7,1173,2.0,528.0,1053.0,1173,1974,2,1974,6,10625,NWAmes,SFoyer,Plywood,170000
7,1674,2.0,663.0,814.0,814,2000,2,2000,7,7500,Somerst,2Story,VinylSd,216000
6,1004,2.0,480.0,1004.0,1004,1970,1,1970,5,11241,NAmes,1Story,Wd Sdng,149000
5,1078,2.0,500.0,1078.0,1078,1971,1,2008,6,12537,NAmes,1Story,VinylSd,149900
5,1056,1.0,304.0,1056.0,1056,1968,1,1968,6,8450,NAmes,1Story,VinylSd,142000
4,882,2.0,525.0,882.0,882,1970,1,1970,4,8400,NAmes,1Story,Plywood,126000
4,864,0.0,0.0,864.0,864,1971,1,1971,5,10500,NAmes,1Story,HdBoard,115000
7,1337,2.0,511.0,1405.0,1337,1999,2,1999,5,5858,NAmes,1Story,MetalSd,184000
6,987,1.0,264.0,483.0,483,1971,1,1971,5,1680,BrDale,2Story,HdBoard,96000
5,1092,1.0,320.0,525.0,525,1971,1,1971,6,1680,BrDale,2Story,HdBoard,105500
6,1092,1.0,264.0,525.0,525,1971,1,1971,6,1680,BrDale,2Story,HdBoard,88000
6,1069,2.0,440.0,1069.0,1069,1977,2,1977,4,4043,NPkVill,1Story,Plywood,127500
6,1456,2.0,440.0,855.0,855,1975,2,1975,6,2280,NPkVill,2Story,Plywood,149900
7,836,1.0,308.0,836.0,836,1975,1,1975,4,2280,NPkVill,1Story,Plywood,120000
6,1456,2.0,440.0,855.0,855,1978,2,1978,7,2280,NPkVill,2Story,Plywood,146000
9,2334,3.0,751.0,1590.0,1627,2009,2,2010,10,12858,NridgHt,2Story,VinylSd,376162
8,1704,3.0,772.0,1704.0,1704,2007,2,2008,7,11478,NridgHt,1Story,VinylSd,306000
9,1940,3.0,606.0,1930.0,1940,2009,2,2010,8,10159,NridgHt,1Story,VinylSd,395192
8,1544,3.0,868.0,1544.0,1544,2009,2,2010,7,12883,NridgHt,1Story,VinylSd,290941
7,1541,2.0,532.0,1541.0,1541,2005,2,2005,7,12182,NridgHt,1Story,VinylSd,220000
9,1698,3.0,730.0,1698.0,1698,2005,2,2005,7,11520,NridgHt,1Story,VinylSd,275000
8,1822,3.0,678.0,1822.0,1822,2005,2,2006,8,14122,NridgHt,1Story,CemntBd,259000
7,1535,2.0,532.0,1517.0,1535,2004,2,2004,7,10171,NridgHt,1Story,VinylSd,214000
9,2364,3.0,820.0,2330.0,2364,2009,2,2010,11,12919,NridgHt,1Story,VinylSd,611657
7,1358,2.0,484.0,1358.0,1358,2009,2,2010,6,6371,NridgHt,1Story,VinylSd,224000
9,2696,3.0,958.0,2846.0,2696,2003,2,2004,10,14300,NridgHt,1Story,VinylSd,500000
8,2250,3.0,756.0,1671.0,1687,2002,2,2002,7,13650,NridgHt,2Story,VinylSd,320000
9,1752,2.0,576.0,1752.0,1752,2005,2,2005,6,7658,NridgHt,1Story,MetalSd,319900
8,1370,2.0,484.0,1370.0,1370,2006,2,2006,6,7132,NridgHt,1Story,VinylSd,205000
7,1626,2.0,474.0,764.0,764,2003,2,2003,6,2628,NridgHt,2Story,VinylSd,175500
6,1324,2.0,430.0,1324.0,1324,2005,2,2005,6,18494,Gilbert,1Story,VinylSd,199500
7,1145,2.0,437.0,1145.0,1145,2006,2,2006,6,3203,Blmngtn,1Story,VinylSd,160000
8,1269,2.0,430.0,1256.0,1269,2004,2,2005,6,3182,Blmngtn,1Story,VinylSd,192000
7,1374,2.0,400.0,384.0,744,2004,2,2004,7,13300,Gilbert,SLvl,VinylSd,184500
6,1960,2.0,440.0,860.0,860,2002,2,2002,8,7851,Gilbert,2Story,VinylSd,216500
7,1733,2.0,433.0,847.0,847,2004,2,2004,7,8577,Gilbert,2Story,VinylSd,185088
7,1430,2.0,400.0,384.0,774,2000,2,2000,7,7750,Gilbert,SLvl,VinylSd,180000
7,2035,2.0,434.0,884.0,884,2001,2,2001,8,9505,Gilbert,2Story,VinylSd,222500
9,2599,3.0,779.0,1393.0,1422,1999,2,1999,10,14774,NoRidge,2Story,VinylSd,333168
8,2475,3.0,962.0,1629.0,1645,1998,2,1998,7,17433,NoRidge,2Story,VinylSd,355000
7,1720,2.0,527.0,1720.0,1720,1996,2,1996,7,10593,NoRidge,1Story,VinylSd,260400
8,2622,2.0,712.0,1463.0,1500,1994,2,1995,9,12256,NoRidge,2Story,HdBoard,325000
8,2270,3.0,671.0,1152.0,1164,1999,2,2007,9,11764,NoRidge,2Story,VinylSd,290000
7,1839,2.0,486.0,1195.0,1195,1998,2,1998,7,16770,NoRidge,2Story,VinylSd,221000
8,3238,3.0,666.0,2033.0,2053,1995,2,1996,9,14720,NoRidge,1.5Fin,VinylSd,410000
8,1595,3.0,880.0,1595.0,1595,2005,2,2006,6,8987,Somerst,1Story,VinylSd,221500
7,1218,2.0,676.0,1218.0,1218,2009,2,2010,4,9215,Somerst,1Story,VinylSd,204500
7,1547,2.0,614.0,756.0,764,2009,2,2009,7,8640,Somerst,2Story,VinylSd,215200
8,1566,2.0,750.0,1566.0,1566,2008,2,2008,7,9000,Somerst,1Story,VinylSd,262500
7,1947,2.0,678.0,991.0,991,2004,2,2005,8,12552,Somerst,2Story,VinylSd,254900
6,1468,2.0,528.0,1468.0,1468,2005,2,2005,6,10440,Somerst,1Story,VinylSd,271500
7,2084,2.0,618.0,956.0,956,2004,2,2004,8,10142,SawyerW,2Story,VinylSd,233000
7,1659,2.0,484.0,831.0,831,2004,2,2004,8,11920,SawyerW,2Story,VinylSd,181000
7,2110,2.0,463.0,948.0,1222,1994,2,2002,8,8880,SawyerW,2Story,VinylSd,205000
6,923,1.0,264.0,923.0,923,1980,2,1980,5,8012,SawyerW,1Story,Plywood,143000
6,1845,2.0,462.0,1055.0,1055,1992,2,1992,8,11218,SawyerW,2Story,Wd Sdng,189000
6,918,1.0,264.0,918.0,918,1979,2,1979,5,7892,SawyerW,1Story,Plywood,99500
6,752,1.0,264.0,744.0,752,1984,1,1984,4,7175,SawyerW,1Story,Plywood,125000
7,1744,2.0,457.0,996.0,1014,1993,2,2003,7,9453,SawyerW,2Story,HdBoard,194500
6,1097,2.0,480.0,1040.0,1097,1984,2,1985,6,9672,SawyerW,1Story,HdBoard,152000
6,1564,2.0,476.0,650.0,888,1980,2,1981,7,8400,SawyerW,2Story,HdBoard,171000
5,1012,1.0,429.0,816.0,1012,1920,1,1950,5,9800,SawyerW,1Story,Wd Sdng,67500
6,1902,2.0,539.0,0.0,1318,1978,2,1978,8,8930,Sawyer,1.5Fin,VinylSd,112000
5,1155,2.0,576.0,1109.0,1155,1961,1,1995,6,11782,Sawyer,SFoyer,HdBoard,148000
5,894,1.0,336.0,894.0,894,1965,1,2009,5,8450,Sawyer,1Story,MetalSd,138500
5,900,1.0,280.0,882.0,900,1967,1,1967,5,9819,Sawyer,1Story,MetalSd,122000
5,1040,1.0,308.0,1040.0,1040,1963,1,1963,5,7500,Sawyer,1Story,HdBoard,133000
5,1040,1.0,260.0,1040.0,1040,1962,1,2010,6,6897,Sawyer,1Story,HdBoard,127000
6,1494,2.0,461.0,1208.0,1494,1974,2,2002,7,15410,Sawyer,1Story,Plywood,169000
7,1923,2.0,564.0,750.0,1061,1992,2,1992,8,10186,NoRidge,2Story,HdBoard,190000
8,2349,3.0,762.0,1231.0,1251,1993,2,1993,9,13143,NoRidge,2Story,HdBoard,362500
8,2225,3.0,713.0,1390.0,1402,1992,2,1993,7,11134,NoRidge,2Story,HdBoard,285000
7,1488,2.0,506.0,1488.0,1488,2004,2,2005,6,4835,Somerst,1Story,MetalSd,260000
7,1680,2.0,588.0,840.0,840,2004,2,2004,3,3515,Somerst,2Story,VinylSd,190000
7,1200,2.0,480.0,600.0,600,2004,2,2004,4,3215,Somerst,2Story,MetalSd,155000
7,1200,2.0,480.0,600.0,600,2004,2,2005,4,3182,Somerst,2Story,MetalSd,151000
7,1200,2.0,480.0,600.0,600,2004,2,2005,4,2544,Somerst,2Story,MetalSd,149500
6,1236,2.0,480.0,600.0,600,2005,2,2005,4,2544,Somerst,2Story,VinylSd,152000
7,1478,2.0,484.0,1470.0,1478,2009,2,2009,7,4403,Somerst,1Story,MetalSd,222000
6,1573,2.0,440.0,756.0,769,2000,2,2000,5,2117,Somerst,2Story,MetalSd,177500
6,1512,2.0,440.0,756.0,756,2000,2,2000,5,2980,Somerst,2Story,MetalSd,177000
7,1416,2.0,484.0,696.0,696,1999,2,1999,6,2572,Somerst,2Story,MetalSd,155000
7,1080,2.0,496.0,530.0,530,2003,2,2003,4,2403,Somerst,2Story,VinylSd,147110
8,1418,3.0,852.0,1642.0,1418,2010,1,2010,6,12853,Somerst,1Story,CemntBd,267916
8,1848,2.0,592.0,975.0,975,2000,2,2000,7,7379,Somerst,2Story,VinylSd,254000
8,788,2.0,484.0,728.0,788,1980,1,1980,3,4420,Greens,1Story,Wd Sdng,155000
8,1226,2.0,484.0,1226.0,1226,1978,1,1978,4,3880,Greens,1Story,Wd Sdng,206000
6,1479,2.0,475.0,725.0,725,1976,2,2005,6,13517,Sawyer,2Story,HdBoard,130500
7,1492,2.0,596.0,1492.0,1492,2002,2,2002,6,8000,Somerst,1Story,VinylSd,230000
6,1829,2.0,535.0,1829.0,1829,1967,2,1967,8,10456,NWAmes,1Story,HdBoard,218500
6,2495,2.0,660.0,1280.0,1280,1993,2,1993,9,10791,NWAmes,2Story,MetalSd,243500
6,1610,2.0,480.0,1610.0,1610,1977,2,2001,6,10603,NWAmes,1Story,Plywood,205000
6,1891,2.0,678.0,1224.0,1287,1978,3,1978,7,18837,NWAmes,1.5Fin,MetalSd,212500
7,1714,2.0,496.0,980.0,980,1988,2,1988,7,10421,NWAmes,2Story,HdBoard,196500
6,1381,2.0,676.0,1161.0,1381,1972,1,2006,5,9360,NWAmes,1Story,Plywood,197500
6,1645,2.0,441.0,715.0,930,1971,1,1971,7,9600,NWAmes,2Story,MetalSd,171000
5,1232,2.0,490.0,1232.0,1232,1966,1,1966,6,9600,NAmes,1Story,VinylSd,142250
6,1328,2.0,528.0,1328.0,1328,1963,1,1963,6,9790,NWAmes,1Story,HdBoard,143000
4,1225,0.0,0.0,950.0,1225,1959,1,1959,6,9320,NAmes,1Story,Plywood,128950
5,1209,2.0,504.0,1209.0,1209,1966,1,1966,6,9900,NAmes,1Story,HdBoard,159000
5,1510,2.0,517.0,1510.0,1510,1967,2,1967,6,9680,NAmes,1Story,Wd Sdng,178900
6,1775,2.0,480.0,533.0,1131,1964,2,1964,8,10600,NAmes,SLvl,HdBoard,136300
5,1152,2.0,484.0,1152.0,1152,1964,1,1964,6,14112,NAmes,SLvl,Wd Sdng,180500
6,1054,2.0,480.0,936.0,1054,1963,1,1963,6,8800,NAmes,SFoyer,MetalSd,137500
5,1728,0.0,0.0,1728.0,1728,1962,2,2001,10,13260,NAmes,1Story,HdBoard,84900
5,1078,1.0,240.0,1078.0,1078,1950,1,1996,5,9717,NAmes,1Story,MetalSd,142125
5,2461,2.0,400.0,1140.0,1929,1952,2,2002,7,9724,NAmes,1.5Fin,MetalSd,197600
6,1556,2.0,470.0,782.0,1019,1949,2,1950,6,17360,NAmes,1.5Fin,MetalSd,172500
5,858,0.0,0.0,858.0,858,1958,1,2008,4,7207,BrkSide,1Story,Wd Sdng,116500
3,1306,0.0,0.0,728.0,1306,1940,1,1966,6,5350,BrkSide,1Story,Wd Sdng,76500
5,1063,1.0,280.0,1056.0,1063,1954,1,1954,6,9920,NAmes,1Story,HdBoard,128000
6,1520,1.0,364.0,1156.0,1520,1955,1,1972,7,9600,NAmes,SLvl,AsbShng,153000
5,1268,1.0,244.0,1268.0,1268,1954,1,1954,7,7800,NAmes,1Story,HdBoard,132000
6,1128,1.0,315.0,1080.0,1128,1966,1,2008,5,11380,NAmes,SFoyer,HdBoard,178000
5,2274,2.0,480.0,1105.0,1105,1960,2,1960,12,11600,NAmes,2Story,MetalSd,154300
7,2207,2.0,576.0,1947.0,2207,1970,2,1989,7,19900,NAmes,1Story,Plywood,180000
6,1888,2.0,578.0,1517.0,1888,1966,2,2002,6,16492,NAmes,1Story,BrkFace,190000
5,1604,2.0,576.0,1604.0,1604,1958,2,1958,8,8267,NAmes,1Story,HdBoard,135000
7,1480,2.0,620.0,1480.0,1480,2003,2,2009,7,8197,NAmes,1Story,VinylSd,214000
5,1143,1.0,308.0,1143.0,1143,1959,1,1959,6,8050,NAmes,1Story,MetalSd,136000
5,1700,2.0,447.0,1398.0,1700,1959,1,1959,6,10552,NAmes,1Story,BrkFace,165500
5,1314,1.0,294.0,1314.0,1314,1957,1,1957,5,8400,NAmes,1Story,MetalSd,145000
6,1194,1.0,312.0,1194.0,1194,1959,1,1959,6,8760,NAmes,1Story,MetalSd,148000
5,1188,2.0,531.0,1188.0,1188,1959,1,1959,6,12160,NAmes,1Story,Plywood,142000
5,1264,2.0,461.0,1268.0,1264,1960,1,1960,6,9300,NAmes,1Story,MetalSd,167500
5,1206,1.0,312.0,1206.0,1206,1959,1,1959,6,10725,NAmes,1Story,MetalSd,108538
6,1580,2.0,440.0,1244.0,1580,1959,1,1959,6,10032,NAmes,1Story,Wd Sdng,159500
4,1337,1.0,263.0,832.0,832,1956,1,1956,5,8382,NAmes,1.5Fin,MetalSd,108000
5,1064,1.0,318.0,864.0,1064,1952,1,1952,4,10950,NAmes,1Story,WdShing,135000
5,972,1.0,305.0,972.0,972,1955,1,1955,5,10895,NAmes,1Story,MetalSd,122500
5,988,1.0,264.0,988.0,988,1958,1,1958,5,13587,NAmes,1Story,MetalSd,119000
5,1057,1.0,246.0,1057.0,1057,1953,1,2007,5,7922,NAmes,1Story,VinylSd,109000
4,985,2.0,676.0,576.0,985,1920,1,1994,4,7898,NAmes,1Story,MetalSd,105000
5,827,1.0,392.0,0.0,827,1955,1,2007,5,7200,NAmes,1Story,VinylSd,107500
5,1086,2.0,490.0,1086.0,1086,1954,1,2003,6,10200,NAmes,1Story,Wd Sdng,144900
5,936,1.0,308.0,936.0,936,1956,1,2000,4,5868,NAmes,1Story,MetalSd,129000
6,1458,1.0,330.0,912.0,912,1948,1,1950,6,17503,NAmes,1.5Fin,VinylSd,97500
6,1056,2.0,576.0,1056.0,1056,1980,0,1980,4,6979,OldTown,SFoyer,Plywood,144000
5,1287,2.0,576.0,1063.0,1287,1959,1,2006,7,9830,NAmes,1Story,Wd Sdng,162000
7,2978,2.0,564.0,710.0,1898,1967,2,2007,11,11275,NAmes,SLvl,Wd Sdng,242000
6,1224,1.0,280.0,816.0,816,1948,1,2004,5,8064,NAmes,1.5Fin,WdShing,132000
5,1246,1.0,305.0,1246.0,1246,1959,1,1994,6,7500,NAmes,1Story,BrkFace,154000
5,1385,2.0,720.0,910.0,910,1952,2,1952,6,8520,NAmes,1.5Fin,BrkFace,166000
5,900,2.0,576.0,900.0,900,1951,1,2000,5,7200,NAmes,1Story,Wd Sdng,134800
6,1116,2.0,440.0,1116.0,1116,1962,1,1962,5,10000,NAmes,1Story,Wd Sdng,160000
5,1175,2.0,484.0,1175.0,1175,1960,1,1960,6,7635,NAmes,1Story,BrkFace,148000
6,1395,2.0,440.0,1395.0,1395,1963,1,1984,7,9760,NAmes,1Story,Wd Sdng,192000
6,1839,2.0,442.0,756.0,1051,1966,1,1966,7,7700,NAmes,2Story,MetalSd,155000
4,1844,1.0,240.0,709.0,1157,1900,1,1954,9,4800,OldTown,1.5Fin,Wd Sdng,80400
4,1140,0.0,0.0,576.0,792,1910,1,2004,7,8800,OldTown,1.5Fin,Wd Sdng,96500
5,936,0.0,0.0,936.0,936,1920,1,1950,5,4485,OldTown,1Story,Wd Sdng,109500
5,1028,2.0,360.0,1008.0,1028,1927,1,1950,5,8960,OldTown,1Story,WdShing,115000
5,1347,2.0,551.0,1347.0,1347,1957,1,1957,6,5805,OldTown,1Story,MetalSd,143000
3,1605,1.0,379.0,840.0,840,1915,2,1950,8,5790,OldTown,2Story,VinylSd,107400
4,747,1.0,220.0,747.0,747,1945,1,1950,4,4608,OldTown,1Story,MetalSd,80000
5,804,1.0,240.0,788.0,804,1940,1,1992,4,7200,OldTown,1Story,MetalSd,119000
5,1316,2.0,484.0,926.0,926,1929,1,2001,6,5500,OldTown,1.5Fin,Wd Sdng,130000
6,1251,1.0,240.0,827.0,827,1938,1,2000,6,6900,OldTown,1.5Fin,MetalSd,119000
5,1633,1.0,240.0,1027.0,1027,1948,1,2009,7,11851,OldTown,1.5Fin,VinylSd,129000
5,1245,1.0,315.0,1008.0,1060,1920,1,1962,6,8239,OldTown,1.5Fin,MetalSd,100000
2,832,2.0,780.0,678.0,832,1923,1,1970,5,9656,OldTown,1Story,AsbShng,12789
6,720,2.0,484.0,624.0,720,1928,1,2003,5,8520,OldTown,1Story,VinylSd,105900
8,1566,1.0,288.0,930.0,930,1900,2,2003,7,9600,OldTown,2Story,Wd Sdng,150000
5,1652,1.0,416.0,686.0,966,1915,2,1950,7,10800,OldTown,1.5Fin,MetalSd,139000
8,2268,2.0,624.0,346.0,1157,1890,3,2002,7,9000,OldTown,2Story,Wd Sdng,240000
5,2256,0.0,0.0,840.0,1128,1910,2,1950,12,9045,OldTown,2Story,MetalSd,76500
6,1236,2.0,923.0,912.0,1236,1957,1,1996,6,7407,OldTown,1Story,MetalSd,149700
4,1363,2.0,528.0,622.0,741,1910,1,1950,6,7740,OldTown,2Story,VinylSd,125500
4,2290,2.0,560.0,777.0,1246,1885,2,1950,11,11340,OldTown,2Story,VinylSd,122500
6,1470,2.0,624.0,738.0,868,1922,1,1994,6,10560,OldTown,2Story,Wd Sdng,140750
5,1612,1.0,363.0,988.0,1030,1950,1,1997,7,5830,BrkSide,1.5Fin,MetalSd,128500
7,2068,1.0,315.0,1108.0,1160,1922,1,2005,8,7793,BrkSide,2.5Unf,Wd Sdng,209500
4,765,1.0,200.0,765.0,765,1925,1,1950,4,5000,BrkSide,1Story,MetalSd,87000
6,1132,1.0,240.0,608.0,608,1939,1,1950,5,6000,BrkSide,1.5Fin,MetalSd,134000
6,1196,2.0,576.0,572.0,848,1940,1,1950,6,6000,BrkSide,1.5Fin,MetalSd,128000
5,1453,1.0,240.0,835.0,955,1942,1,1950,7,6360,BrkSide,1.5Fin,MetalSd,132000
6,1416,1.0,312.0,780.0,780,1948,1,1950,6,6000,BrkSide,1.5Fin,Wd Sdng,139900
5,1040,2.0,624.0,528.0,548,1936,1,1980,5,6240,BrkSide,1.5Fin,VinylSd,123900
5,1536,2.0,480.0,928.0,928,1930,2,1950,7,6240,BrkSide,1.5Fin,MetalSd,138400
6,1068,1.0,288.0,1124.0,1068,1923,1,1950,5,6120,OldTown,1Story,Wd Sdng,109500
7,1710,2.0,480.0,576.0,902,1921,2,1950,9,10300,OldTown,2Story,Stucco,140000
4,1962,2.0,572.0,888.0,888,1915,1,1950,9,8094,OldTown,1.5Fin,MetalSd,149500
6,1560,0.0,0.0,780.0,780,1912,1,2009,7,12900,OldTown,2Story,Wd Sdng,159900
6,1324,1.0,180.0,662.0,662,1920,1,1993,6,3068,OldTown,2Story,VinylSd,122000
5,816,2.0,516.0,816.0,816,1963,1,1963,5,8472,IDOTRR,1Story,Wd Sdng,110000
4,1092,0.0,0.0,0.0,372,1930,2,1950,7,5600,IDOTRR,2Story,VinylSd,55000
5,1812,2.0,672.0,360.0,1032,1900,2,1996,8,7630,OldTown,2Story,Wd Sdng,140000
7,2403,1.0,349.0,1032.0,1207,1940,2,1950,10,24090,ClearCr,2Story,MetalSd,244400
5,1675,1.0,365.0,1422.0,1675,1959,2,1959,8,15263,ClearCr,1Story,HdBoard,173000
5,1224,1.0,180.0,689.0,725,1917,1,1950,6,10632,ClearCr,1.5Fin,Wd Sdng,107500
5,1392,0.0,0.0,1212.0,1212,1915,1,1950,6,9900,SWISU,1.5Fin,Wd Sdng,100000
6,919,1.0,231.0,600.0,600,1940,1,1950,5,6001,SWISU,1.5Fin,VinylSd,95000
4,1884,0.0,0.0,707.0,942,1907,1,1950,7,6449,SWISU,2Story,Wd Sdng,93369
5,1680,2.0,450.0,856.0,936,1910,2,1950,7,6048,SWISU,1.5Fin,Wd Sdng,114900
5,1020,0.0,0.0,780.0,780,1875,1,1996,6,6342,Sawyer,1.5Fin,VinylSd,94000
4,1832,0.0,0.0,1832.0,1832,1967,2,1967,8,10773,Sawyer,1Story,Plywood,136000
4,1768,0.0,0.0,1768.0,1768,1968,2,1968,8,10778,Sawyer,1Story,HdBoard,136500
5,1039,2.0,504.0,1039.0,1039,1965,1,1965,6,11625,Sawyer,1Story,Plywood,131500
5,1392,2.0,528.0,1392.0,1392,1957,1,1996,5,11341,Sawyer,1Story,Wd Sdng,121500
5,912,1.0,336.0,912.0,912,1967,1,1967,5,8521,Sawyer,1Story,HdBoard,125000
5,1060,1.0,270.0,1060.0,1060,1968,1,2001,6,8246,Sawyer,1Story,Plywood,154000
5,892,1.0,416.0,864.0,892,1966,1,2008,5,7800,Sawyer,1Story,HdBoard,137900
6,1352,1.0,299.0,663.0,663,1969,1,1969,7,9364,Sawyer,2Story,HdBoard,158000
5,864,1.0,280.0,864.0,864,1968,1,1968,4,7832,Sawyer,1Story,HdBoard,137250
5,1373,2.0,591.0,1319.0,1373,1978,1,1978,5,7424,Sawyer,SFoyer,Plywood,160250
5,1440,2.0,480.0,720.0,720,1968,1,1968,7,11227,Sawyer,2Story,HdBoard,163000
6,1386,2.0,440.0,672.0,672,1978,2,1978,6,11616,Sawyer,2Story,HdBoard,158900
7,2260,2.0,533.0,1306.0,1306,1996,2,1997,7,14000,ClearCr,2Story,Wd Sdng,328000
7,1483,2.0,690.0,1420.0,1483,1977,1,2001,4,20062,ClearCr,1Story,Wd Sdng,270000
4,756,2.0,440.0,660.0,756,1927,1,1950,4,9259,Sawyer,1Story,Wd Sdng,85000
4,1067,2.0,436.0,1067.0,1067,1950,2,1995,4,9600,Sawyer,1Story,VinylSd,128000
7,1524,2.0,586.0,1332.0,1332,1979,0,1979,4,23595,ClearCr,1Story,Plywood,260000
6,1981,2.0,522.0,1117.0,1117,1978,2,1992,8,17082,ClearCr,2Story,VinylSd,230000
3,1610,1.0,480.0,972.0,1052,1938,2,1990,8,18600,Edwards,1.5Fin,Wd Sdng,124000
5,835,1.0,366.0,458.0,835,1920,1,1950,5,10625,Edwards,1Story,Wd Sdng,83000
6,1074,1.0,467.0,663.0,1074,1950,1,1987,6,11479,Edwards,1Story,Wd Sdng,144500
5,1144,1.0,596.0,1144.0,1144,1956,1,1956,6,9571,Edwards,1Story,Wd Sdng,129000
4,1531,1.0,209.0,756.0,1169,1947,1,1979,8,9350,Edwards,1.5Fin,WdShing,127000
5,1172,1.0,366.0,1172.0,1172,1954,1,1998,5,9525,Edwards,1Story,WdShing,128000
6,1212,2.0,460.0,1212.0,1212,2009,2,2009,6,10420,Edwards,1Story,VinylSd,186000
7,1508,2.0,572.0,1508.0,1508,2009,1,2010,5,17485,Edwards,1Story,VinylSd,308030
5,1298,2.0,504.0,1250.0,1298,1964,2,1964,5,11200,Edwards,1Story,Wd Sdng,114000
4,930,1.0,308.0,0.0,930,1946,1,2006,6,11100,Edwards,1Story,MetalSd,84900
6,1732,2.0,476.0,741.0,977,1985,2,1985,7,9206,SawyerW,2Story,HdBoard,178000
7,1433,2.0,528.0,1433.0,1433,1987,1,1987,4,11980,SawyerW,1Story,Plywood,270000
6,1802,4.0,1017.0,946.0,964,1993,2,1993,8,12361,SawyerW,2Story,VinylSd,218000
7,1949,2.0,574.0,1050.0,1062,1993,2,1994,8,9938,SawyerW,2Story,MetalSd,236000
6,996,2.0,564.0,936.0,996,1992,1,1992,5,9069,SawyerW,SFoyer,HdBoard,147000
8,1694,3.0,776.0,1694.0,1694,2008,2,2008,7,10475,CollgCr,1Story,VinylSd,245350
7,1208,2.0,632.0,1187.0,1208,2006,2,2006,6,6762,CollgCr,1Story,VinylSd,206000
7,1226,3.0,740.0,1226.0,1226,2009,2,2009,6,10402,CollgCr,1Story,VinylSd,198900
7,1222,2.0,615.0,1222.0,1222,2010,2,2010,6,7360,CollgCr,1Story,VinylSd,187000
7,3222,3.0,594.0,1673.0,1699,1990,3,1990,11,12376,SawyerW,2Story,Plywood,320000
6,1445,2.0,484.0,676.0,831,1900,2,1993,6,14235,SawyerW,1.5Fin,Wd Sdng,138500
6,1052,2.0,440.0,1010.0,1052,1971,1,1971,6,8816,ClearCr,SLvl,HdBoard,155000
5,965,2.0,580.0,870.0,965,1996,1,1996,4,11105,CollgCr,SFoyer,VinylSd,159000
7,1692,2.0,513.0,878.0,892,1997,2,1998,8,9337,CollgCr,2Story,VinylSd,191000
6,1682,2.0,523.0,804.0,804,1998,2,1998,7,8750,CollgCr,2Story,VinylSd,200500
5,1026,1.0,308.0,1026.0,1026,1977,1,2004,5,15240,CollgCr,1Story,CemntBd,150000
6,1392,1.0,299.0,689.0,689,1977,1,1977,6,10900,CollgCr,2Story,HdBoard,161750
5,894,1.0,308.0,894.0,894,1976,1,1976,5,10650,CollgCr,1Story,HdBoard,128200
5,876,2.0,484.0,876.0,876,1972,1,1972,5,7480,CollgCr,1Story,Wd Sdng,127000
8,1978,3.0,850.0,1978.0,1978,2003,2,2003,8,10389,CollgCr,1Story,CemntBd,318000
8,1601,2.0,670.0,1581.0,1601,2001,2,2002,6,11423,CollgCr,1Story,VinylSd,272000
7,1829,2.0,613.0,941.0,941,2003,2,2003,7,9548,CollgCr,2Story,VinylSd,237000
7,2098,2.0,621.0,1040.0,1044,1997,2,1997,9,9375,CollgCr,2Story,VinylSd,240000
7,1661,2.0,598.0,1649.0,1661,1998,2,1998,6,12137,CollgCr,1Story,VinylSd,224900
6,848,2.0,420.0,848.0,848,2003,1,2003,4,4435,CollgCr,1Story,VinylSd,143750
6,848,2.0,420.0,848.0,848,2004,1,2004,3,4426,CollgCr,1Story,VinylSd,143000
8,1668,2.0,502.0,1657.0,1668,2003,2,2003,8,10635,CollgCr,1Story,VinylSd,232000
7,1484,2.0,606.0,1473.0,1484,2004,2,2005,7,8400,CollgCr,1Story,VinylSd,213000
7,1414,2.0,494.0,1414.0,1414,2004,2,2004,6,8773,CollgCr,1Story,VinylSd,185500
3,640,1.0,240.0,0.0,640,1945,1,2007,5,8777,Edwards,1Story,VinylSd,84900
5,992,1.0,319.0,381.0,992,1954,1,1954,6,8842,Edwards,1Story,VinylSd,155891
5,1664,0.0,0.0,0.0,1664,1965,2,1965,8,9825,Edwards,1Story,AsphShn,100000
5,1196,1.0,336.0,1196.0,1196,1968,1,1968,6,10044,Edwards,1Story,MetalSd,144000
4,1120,2.0,480.0,744.0,792,1948,1,1950,5,11792,Edwards,1.5Fin,VinylSd,64000
6,1096,1.0,352.0,1008.0,1096,1975,1,1975,5,6305,Edwards,SLvl,Plywood,125200
6,1117,2.0,672.0,1029.0,1117,1976,1,1976,6,7819,Edwards,SLvl,Plywood,107000
4,960,0.0,0.0,960.0,960,1958,1,1958,5,6410,Edwards,1Story,WdShing,90000
4,1121,2.0,440.0,1121.0,1121,2003,2,2004,5,8546,Edwards,1Story,VinylSd,140000
6,1487,1.0,220.0,735.0,798,1945,1,1950,7,8741,Edwards,1.5Fin,VinylSd,113000
4,924,1.0,280.0,672.0,672,1941,1,1950,5,12180,Edwards,1.5Fin,MetalSd,80000
5,1526,1.0,364.0,1216.0,1526,1957,1,2002,7,8562,Edwards,1Story,HdBoard,144500
5,1296,1.0,260.0,1107.0,1296,1924,2,1999,5,4853,SWISU,1Story,MetalSd,104000
6,1647,1.0,216.0,806.0,841,1915,1,1950,6,6858,SWISU,2Story,Wd Sdng,128000
3,864,1.0,200.0,864.0,864,1914,1,1950,5,8212,Edwards,1Story,Stucco,58500
5,1691,1.0,308.0,1026.0,1026,1924,2,1950,6,5000,SWISU,1.5Fin,BrkFace,127000
6,856,2.0,399.0,856.0,856,1939,1,1950,4,7890,SWISU,1Story,Wd Sdng,126000
4,2650,0.0,0.0,0.0,862,1967,3,1967,10,7200,SWISU,2Story,Plywood,160000
5,1666,0.0,0.0,894.0,894,1931,1,1950,7,9839,SWISU,1.5Fin,VinylSd,100000
6,2447,1.0,336.0,804.0,1699,1919,2,1990,10,9638,SWISU,1.5Fin,Wd Sdng,169000
7,2133,1.0,312.0,1528.0,1225,1941,1,1985,8,10452,Crawfor,1.5Fin,Wd Sdng,257500
5,2177,2.0,484.0,1032.0,1102,1950,2,1991,11,15600,Crawfor,2Story,VinylSd,215000
7,2340,1.0,252.0,1152.0,1188,1941,2,2006,9,9042,Crawfor,2Story,CemntBd,266500
7,1902,2.0,567.0,1902.0,1902,1959,2,2002,7,17500,Crawfor,1Story,BrkFace,335000
7,1652,2.0,473.0,423.0,896,1994,2,2007,6,19645,Crawfor,SLvl,VinylSd,203135
8,1034,2.0,598.0,982.0,1034,1989,1,1989,4,3907,Blueste,1Story,HdBoard,185000
8,1191,2.0,531.0,1191.0,1191,1989,2,1989,5,3907,Blueste,1Story,HdBoard,162500
7,1801,2.0,484.0,1501.0,1801,1959,2,1997,6,15602,Crawfor,1Story,BrkFace,289000
4,1154,1.0,240.0,796.0,796,1922,1,2007,7,5436,IDOTRR,1.5Fin,VinylSd,125500
2,540,1.0,200.0,480.0,540,1941,1,1950,4,8154,IDOTRR,1Story,Wd Sdng,82000
6,1107,1.0,625.0,629.0,727,1921,1,1975,5,9140,IDOTRR,1.5Fin,Wd Sdng,110000
4,1128,2.0,528.0,698.0,698,1920,1,1950,6,7500,IDOTRR,1.5Fin,MetalSd,68400
4,1178,1.0,384.0,859.0,859,1900,1,1950,7,8712,IDOTRR,1.5Fin,MetalSd,102776
5,1044,2.0,504.0,540.0,1044,1952,1,1952,4,8712,IDOTRR,1Story,Wd Sdng,55993
4,952,1.0,330.0,756.0,952,1896,1,1950,5,8712,IDOTRR,1Story,Wd Sdng,50138
8,1646,2.0,525.0,1594.0,1646,2004,2,2005,5,3811,Crawfor,1Story,CemntBd,246000
8,1916,3.0,741.0,1049.0,1036,1998,2,1999,8,11050,Mitchel,2Story,VinylSd,254900
6,1285,2.0,473.0,1243.0,1285,1977,2,1977,6,9620,Mitchel,SLvl,Plywood,190000
7,1560,2.0,573.0,1560.0,1560,2003,2,2003,7,9196,Mitchel,1Story,VinylSd,201000
6,1034,3.0,888.0,1012.0,1034,1976,1,1976,6,12328,Mitchel,SLvl,HdBoard,169900
6,2048,2.0,776.0,1958.0,2048,1976,3,1976,9,12760,Mitchel,1Story,Plywood,170000
5,1687,2.0,572.0,747.0,1687,1948,1,1950,7,57200,Timber,1Story,Wd Sdng,160000
7,1346,3.0,660.0,1336.0,1346,2008,2,2008,6,11896,Timber,1Story,VinylSd,220000
7,1214,2.0,520.0,1214.0,1214,2009,2,2010,6,9803,Timber,1Story,VinylSd,179781
5,1444,2.0,400.0,384.0,744,2006,2,2007,7,9802,Timber,2Story,VinylSd,174000
8,1968,3.0,680.0,774.0,774,2009,2,2010,8,12003,Timber,2Story,VinylSd,269500
7,1894,2.0,510.0,817.0,824,2002,2,2003,8,11316,Timber,2Story,VinylSd,214900
8,1908,2.0,431.0,967.0,993,2002,2,2002,9,14191,Timber,2Story,VinylSd,202900
9,2018,3.0,746.0,2002.0,2018,2008,2,2009,10,13214,Timber,1Story,Stucco,378500
5,1264,2.0,528.0,1068.0,1264,1965,1,1977,7,15300,Mitchel,1Story,Plywood,169000
5,1430,2.0,624.0,1430.0,1430,2004,2,2005,7,10114,Mitchel,1Story,VinylSd,173500
6,1824,0.0,0.0,912.0,912,1971,2,1971,8,9400,Mitchel,2Story,MetalSd,139000
5,1344,2.0,686.0,1344.0,1344,1999,2,1999,7,11875,Mitchel,1Story,VinylSd,166500
4,1092,1.0,286.0,546.0,546,1973,1,1973,6,1974,MeadowV,2Story,CemntBd,83500
5,945,1.0,253.0,945.0,945,1973,1,1973,5,2394,MeadowV,1Story,CemntBd,119500
5,1112,1.0,336.0,536.0,536,1976,1,1976,4,2592,MeadowV,2Story,CemntBd,85000
4,1092,0.0,0.0,546.0,546,1970,1,1970,5,1476,MeadowV,2Story,CemntBd,76000
4,630,0.0,0.0,630.0,630,1972,1,1972,3,1491,MeadowV,SFoyer,CemntBd,75500
4,1092,0.0,0.0,546.0,546,1970,1,1970,5,1900,MeadowV,2Story,CemntBd,88250
4,1092,1.0,286.0,546.0,546,1972,1,1972,5,1890,MeadowV,2Story,CemntBd,85500
5,874,1.0,352.0,864.0,874,1971,1,2004,5,6953,Mitchel,1Story,VinylSd,130000
5,1188,1.0,312.0,1188.0,1188,1962,1,1962,6,26142,Mitchel,1Story,HdBoard,157900
5,833,2.0,495.0,833.0,833,1984,1,1984,5,12887,Mitchel,1Story,VinylSd,149900
5,2432,2.0,616.0,1216.0,1216,1985,4,1986,10,7700,Mitchel,2Story,HdBoard,159000
5,1274,2.0,576.0,624.0,624,1991,1,1991,6,10475,Mitchel,2Story,HdBoard,136000
5,1479,1.0,275.0,864.0,864,1969,2,1969,8,10544,Mitchel,1.5Fin,HdBoard,161000
8,1803,2.0,482.0,1679.0,1803,1994,2,1995,6,9892,Mitchel,1Story,VinylSd,285000
6,1797,2.0,616.0,1152.0,1152,1993,2,1994,7,12961,Mitchel,2Story,VinylSd,231000
6,882,1.0,502.0,882.0,882,1956,1,1956,5,13008,NAmes,1Story,MetalSd,124500
6,1434,2.0,528.0,1434.0,1434,1974,2,1974,7,10200,NAmes,1Story,Plywood,157000
8,2704,2.0,538.0,1952.0,2000,1972,2,1995,9,13860,NAmes,SLvl,Plywood,345000
6,1608,2.0,470.0,945.0,945,1997,2,1997,7,10179,Gilbert,2Story,VinylSd,189500
8,2283,3.0,632.0,1008.0,1008,2003,2,2003,9,11792,Gilbert,2Story,VinylSd,270000
7,1628,2.0,390.0,384.0,958,1996,2,1997,7,8400,Gilbert,SLvl,HdBoard,189000
9,1746,3.0,758.0,1746.0,1746,2006,2,2007,7,14892,Gilbert,1Story,VinylSd,377500
7,1474,2.0,400.0,384.0,804,1995,2,1996,7,8530,Gilbert,SLvl,HdBoard,168500
8,2522,2.0,564.0,2208.0,2522,2004,2,2005,8,7296,StoneBr,1Story,CemntBd,375000
8,1659,2.0,499.0,1501.0,1659,2000,2,2000,5,5664,StoneBr,1Story,CemntBd,278000
8,1478,2.0,495.0,1418.0,1478,1998,2,1998,5,7380,StoneBr,1Story,CemntBd,240000
8,1734,2.0,528.0,1587.0,1734,1995,2,1996,6,8013,StoneBr,1Story,CemntBd,239500
7,1382,2.0,396.0,384.0,751,1998,2,1998,7,8923,Gilbert,SLvl,VinylSd,177500
7,1718,2.0,427.0,832.0,885,1998,2,1998,7,10141,Gilbert,2Story,VinylSd,185000
6,1636,2.0,440.0,952.0,952,1998,2,1999,7,7500,Gilbert,2Story,VinylSd,191000
6,1571,2.0,380.0,799.0,799,1993,2,1994,7,7837,Gilbert,2Story,VinylSd,178000
6,1470,2.0,420.0,680.0,680,1993,2,1993,6,9765,Gilbert,2Story,VinylSd,185000
6,1516,2.0,409.0,707.0,707,1994,2,1995,7,8803,Gilbert,2Story,HdBoard,181316
6,1190,2.0,430.0,1181.0,1190,1993,2,1993,6,7250,Gilbert,1Story,HdBoard,166000
6,1593,2.0,389.0,808.0,808,1992,2,1993,7,9636,Gilbert,2Story,VinylSd,178000
6,1481,2.0,343.0,702.0,702,1994,2,1995,6,8125,Gilbert,2Story,HdBoard,174000
6,1167,2.0,400.0,1158.0,1167,1992,2,1992,6,9248,Gilbert,1Story,HdBoard,173000
7,1983,2.0,490.0,978.0,1005,1999,2,1999,9,10762,Gilbert,2Story,VinylSd,225000
7,1442,2.0,500.0,1424.0,1442,1990,2,1990,5,11851,Gilbert,1Story,HdBoard,180500
8,1360,2.0,565.0,1220.0,1360,1984,1,1984,4,5814,StoneBr,1Story,HdBoard,187500
9,2234,3.0,1166.0,2216.0,2234,2008,2,2009,9,17423,StoneBr,1Story,VinylSd,501837
8,2046,3.0,834.0,2046.0,2046,2008,2,2008,7,11844,StoneBr,1Story,VinylSd,372500
7,1530,2.0,430.0,1530.0,1530,2005,2,2005,7,16158,StoneBr,1Story,VinylSd,260000
5,1934,2.0,567.0,1122.0,946,1977,2,1977,6,11900,Gilbert,2Story,HdBoard,185000
7,2353,2.0,484.0,845.0,1153,1980,2,1980,10,13005,NWAmes,2Story,CemntBd,260000
6,1586,2.0,435.0,1362.0,1586,1979,2,1998,7,17043,NWAmes,1Story,HdBoard,181000
7,1411,2.0,544.0,1386.0,1411,1977,2,1977,6,11900,NWAmes,1Story,Plywood,82500
6,1602,2.0,529.0,1602.0,1602,1977,2,2000,8,16635,NWAmes,1Story,CemntBd,215000
7,2050,2.0,529.0,832.0,1154,1978,2,1978,8,13250,NWAmes,2Story,HdBoard,154000
6,1671,2.0,484.0,1427.0,1671,1978,2,1986,7,10928,NWAmes,1Story,VinylSd,200000
7,2673,2.0,441.0,1043.0,1539,1980,2,1991,9,12388,NWAmes,2Story,Plywood,249000
7,1472,2.0,588.0,1372.0,1472,1980,2,1980,6,14115,NWAmes,SLvl,Plywood,187500
6,1707,2.0,479.0,1140.0,1707,1978,2,1998,7,11088,NWAmes,1Story,HdBoard,184000
8,2524,2.0,542.0,2524.0,2524,1981,2,1981,9,9600,NWAmes,1Story,BrkFace,278000
7,1601,2.0,478.0,1271.0,1601,1978,2,1978,7,11880,NWAmes,1Story,Plywood,157000
7,1370,2.0,479.0,1090.0,1370,1976,2,1976,6,10400,NWAmes,1Story,HdBoard,152000
5,1868,2.0,484.0,780.0,1088,1976,2,1976,9,10304,NWAmes,2Story,Plywood,197500
7,1884,2.0,581.0,926.0,1016,2003,2,2003,7,7000,Somerst,2Story,CemntBd,240900
8,1935,2.0,552.0,832.0,832,2009,2,2009,8,8004,Somerst,2Story,VinylSd,263435
8,1874,2.0,588.0,1058.0,1058,2000,2,2001,7,7500,Somerst,2Story,VinylSd,220000
8,1811,2.0,565.0,972.0,972,2002,2,2002,7,8470,Somerst,2Story,VinylSd,235000
5,1621,2.0,478.0,1621.0,1621,1975,2,1975,7,9373,NWAmes,1Story,HdBoard,213000
6,1116,2.0,528.0,1116.0,1116,1974,2,1974,6,10140,NWAmes,1Story,Plywood,167900
7,1193,2.0,506.0,1176.0,1193,1975,2,1975,5,11050,NWAmes,1Story,Plywood,158000
6,1350,2.0,478.0,1064.0,1350,1974,2,1974,7,10140,NWAmes,1Story,HdBoard,165000
6,2119,2.0,583.0,689.0,1378,1972,2,1972,7,10448,NWAmes,SLvl,HdBoard,158000
5,1792,0.0,0.0,896.0,896,1974,2,1974,8,9000,NAmes,2Story,VinylSd,136000
5,1002,2.0,902.0,1002.0,1002,1970,1,1970,5,8750,NAmes,1Story,MetalSd,148500
6,1026,2.0,440.0,1026.0,1026,1969,1,2005,5,7930,NAmes,1Story,Plywood,156000
5,1180,2.0,477.0,1180.0,1180,1970,1,1970,6,7830,NAmes,1Story,HdBoard,128000
5,1050,1.0,336.0,1043.0,1050,1971,1,1971,6,8510,NAmes,1Story,Plywood,143000
4,864,2.0,576.0,864.0,864,1970,1,1970,5,7038,NAmes,1Story,VinylSd,76500
4,864,2.0,660.0,864.0,864,1970,1,1970,5,6960,NAmes,1Story,HdBoard,120500
4,864,2.0,463.0,864.0,864,1970,1,1970,5,8120,NAmes,1Story,MetalSd,124500
4,864,2.0,576.0,864.0,864,1971,1,1971,4,10500,NAmes,1Story,HdBoard,97000
4,864,2.0,576.0,864.0,864,1971,1,2006,5,9000,NAmes,1Story,VinylSd,130000
6,987,1.0,264.0,483.0,483,1973,1,1973,5,1680,BrDale,2Story,HdBoard,111000
5,1365,2.0,440.0,765.0,765,1970,1,1970,7,2368,BrDale,2Story,HdBoard,125000
5,1302,1.0,280.0,630.0,630,1971,2,1971,6,1680,BrDale,2Story,HdBoard,112000
6,987,1.0,288.0,483.0,483,1972,1,1972,5,1680,BrDale,2Story,HdBoard,97000
6,987,1.0,264.0,483.0,483,1972,1,2007,5,1680,BrDale,2Story,HdBoard,118000
5,1302,1.0,264.0,630.0,630,1972,2,1972,6,1680,BrDale,2Story,CemntBd,119500
6,958,2.0,440.0,958.0,958,1976,2,1976,5,4928,NPkVill,1Story,Plywood,143750
6,1548,2.0,440.0,804.0,804,1976,2,1976,7,2308,NPkVill,2Story,Plywood,146000
6,1456,2.0,440.0,855.0,855,1976,2,1976,7,2280,NPkVill,2Story,Plywood,148500
7,1055,2.0,440.0,1057.0,1055,1975,2,1975,4,2280,NPkVill,1Story,Plywood,123000
6,1322,2.0,440.0,855.0,855,1974,2,1974,6,2308,NPkVill,2Story,Plywood,147000
6,1456,2.0,440.0,855.0,855,1977,2,1977,6,2349,NPkVill,2Story,Plywood,137900
6,1548,2.0,440.0,804.0,804,1978,2,1978,7,2364,NPkVill,2Story,Plywood,147000
6,1441,2.0,440.0,855.0,855,1978,2,1978,7,2289,NPkVill,2Story,Plywood,148500
6,1456,2.0,440.0,855.0,855,1978,2,1978,6,2364,NPkVill,2Story,Plywood,138000
7,836,1.0,345.0,836.0,836,1976,1,1976,5,2104,NPkVill,1Story,Plywood,128500
5,892,1.0,288.0,892.0,892,1967,1,1967,5,7150,NAmes,1Story,HdBoard,100000
5,1120,2.0,656.0,864.0,1120,1966,1,2004,5,10710,NAmes,1Story,HdBoard,148800
10,1718,3.0,786.0,1700.0,1718,2006,2,2007,7,12456,NridgHt,1Story,CemntBd,337500
9,2772,3.0,754.0,1776.0,1794,2007,3,2007,10,14257,NridgHt,2Story,VinylSd,462000
9,3140,3.0,820.0,1926.0,1966,2008,3,2009,11,13518,NridgHt,2Story,VinylSd,485000
10,2402,3.0,672.0,3094.0,2402,2008,2,2008,10,15431,NridgHt,1Story,VinylSd,555000
9,1652,2.0,840.0,1652.0,1652,2006,2,2007,6,13173,NridgHt,1Story,VinylSd,325000
8,1600,3.0,890.0,1566.0,1600,2007,2,2007,7,14230,NridgHt,1Story,VinylSd,256300
8,2042,3.0,1390.0,2042.0,2042,2008,2,2009,8,12704,NridgHt,1Story,VinylSd,253293
9,2690,3.0,864.0,1365.0,1365,2009,2,2009,8,12350,NridgHt,2Story,VinylSd,398800
9,2184,3.0,836.0,1104.0,1130,2008,2,2008,10,11308,NridgHt,2Story,VinylSd,335000
9,2020,3.0,896.0,2020.0,2020,2008,2,2008,7,12350,NridgHt,1Story,VinylSd,404000
10,2020,3.0,900.0,2006.0,2020,2009,2,2009,9,12220,NridgHt,1Story,CemntBd,402861
10,2296,3.0,842.0,1722.0,1728,2008,2,2008,10,13478,NridgHt,2Story,CemntBd,451950
10,2674,3.0,762.0,2630.0,2674,2007,2,2007,8,13693,NridgHt,1Story,VinylSd,610000
9,2822,3.0,1020.0,1734.0,1734,2008,3,2009,12,13891,NridgHt,2Story,VinylSd,582933
9,1736,3.0,834.0,1736.0,1736,2008,2,2008,7,11578,NridgHt,1Story,VinylSd,360000
8,1782,3.0,932.0,1782.0,1782,2004,2,2005,7,16870,NridgHt,1Story,VinylSd,296000
8,2520,3.0,640.0,1508.0,1508,2007,2,2007,10,23303,NridgHt,2Story,VinylSd,409900
8,1717,3.0,908.0,1709.0,1717,2006,2,2006,7,11146,NridgHt,1Story,VinylSd,255500
9,1743,3.0,927.0,1739.0,1743,2008,2,2008,8,10367,NridgHt,1Story,VinylSd,335000
8,1713,3.0,856.0,1713.0,1713,2004,2,2005,7,9591,NridgHt,1Story,VinylSd,274900
9,1531,3.0,700.0,1504.0,1531,2006,2,2006,6,10872,NridgHt,1Story,VinylSd,300000
9,1808,3.0,850.0,1774.0,1808,2008,2,2008,7,13514,NridgHt,1Story,VinylSd,324000
9,2224,3.0,738.0,1462.0,1462,2004,2,2005,10,8834,NridgHt,2Story,VinylSd,350000
8,1836,3.0,862.0,1836.0,1836,2004,2,2005,7,11362,NridgHt,1Story,MetalSd,280000
8,1629,3.0,880.0,3206.0,1629,2003,2,2004,7,10655,NridgHt,1Story,VinylSd,284000
7,1760,2.0,583.0,1760.0,1760,2003,2,2004,8,12878,NridgHt,1Story,VinylSd,269500
7,1502,2.0,644.0,1502.0,1502,2009,2,2009,7,9541,NridgHt,1Story,VinylSd,233170
10,2392,3.0,968.0,2392.0,2392,2003,2,2003,8,13472,NridgHt,1Story,VinylSd,386250
9,2452,3.0,886.0,2452.0,2452,2003,2,2003,10,15274,NridgHt,1Story,VinylSd,445000
8,2400,3.0,730.0,1082.0,1105,2003,3,2004,10,13262,NridgHt,2Story,VinylSd,290000
8,1606,3.0,871.0,1598.0,1606,2006,2,2006,6,9658,NridgHt,1Story,VinylSd,255900
6,1358,2.0,484.0,1358.0,1358,2005,2,2005,6,6904,NridgHt,1Story,VinylSd,213000
6,1306,2.0,624.0,1306.0,1306,2005,2,2005,5,5381,NridgHt,1Story,VinylSd,196000
6,1306,2.0,624.0,1306.0,1306,2005,2,2005,5,5122,NridgHt,1Story,VinylSd,184500
7,1358,2.0,484.0,1350.0,1358,2007,2,2008,6,10307,NridgHt,1Story,VinylSd,212500
7,1314,2.0,626.0,1314.0,1314,2007,2,2008,6,5001,NridgHt,1Story,VinylSd,230000
10,2492,3.0,949.0,2492.0,2492,2004,2,2005,8,14836,NridgHt,1Story,CemntBd,552000
8,2200,3.0,685.0,2200.0,2200,2003,2,2004,8,15262,NridgHt,1Story,VinylSd,382500
9,1884,2.0,649.0,1884.0,1884,2008,2,2009,6,7390,NridgHt,1Story,MetalSd,320000
9,1456,2.0,539.0,1451.0,1456,2008,2,2008,6,6472,NridgHt,1Story,VinylSd,248500
8,1712,3.0,701.0,1712.0,1712,2002,2,2003,8,16770,NridgHt,1Story,VinylSd,286500
8,1324,2.0,550.0,1324.0,1324,2006,2,2006,6,6240,NridgHt,1Story,MetalSd,254000
7,1405,2.0,478.0,1405.0,1405,2003,2,2003,6,3480,NridgHt,1Story,VinylSd,173000
7,1626,2.0,474.0,764.0,764,2003,2,2004,6,2268,NridgHt,2Story,VinylSd,173000
7,1456,2.0,390.0,728.0,728,2005,2,2005,8,10928,Gilbert,2Story,VinylSd,184000
6,1490,2.0,392.0,745.0,745,2005,2,2006,7,8918,Gilbert,2Story,VinylSd,167800
6,1484,2.0,390.0,742.0,742,2005,2,2005,8,12589,Gilbert,2Story,VinylSd,174000
6,1560,2.0,400.0,684.0,684,2005,2,2005,6,11911,Gilbert,2Story,VinylSd,174000
7,1555,3.0,660.0,1373.0,1555,2007,2,2007,7,3684,Blmngtn,1Story,VinylSd,174000
7,1569,3.0,660.0,1386.0,1569,2007,2,2007,7,3635,Blmngtn,1Story,VinylSd,175900
7,1555,2.0,430.0,1373.0,1555,2005,2,2006,7,3182,Blmngtn,1Story,VinylSd,192500
7,1504,2.0,457.0,1346.0,1504,2005,2,2006,7,3182,Blmngtn,1Story,VinylSd,181000
7,1220,2.0,397.0,1220.0,1220,2005,2,2006,5,3182,Blmngtn,1Story,VinylSd,180000
7,1145,2.0,397.0,1145.0,1145,2005,2,2006,5,3182,Blmngtn,1Story,VinylSd,160200
7,1432,2.0,432.0,716.0,716,2004,2,2005,6,7795,Gilbert,2Story,VinylSd,188500
6,2267,2.0,390.0,1010.0,1010,2002,2,2002,8,8068,Gilbert,2Story,VinylSd,200000
7,1374,2.0,400.0,384.0,744,2004,2,2005,6,9434,Gilbert,SLvl,WdShing,170000
7,1630,2.0,436.0,868.0,868,2004,2,2005,7,7984,Gilbert,2Story,VinylSd,189500
8,1419,2.0,527.0,408.0,779,2002,2,2002,7,7750,Gilbert,SLvl,VinylSd,184100
7,1594,2.0,434.0,846.0,846,2004,2,2004,7,10125,Gilbert,2Story,VinylSd,195500
7,1489,2.0,400.0,782.0,806,2003,2,2003,8,8965,Gilbert,2Story,VinylSd,192000
7,1342,2.0,393.0,698.0,698,2003,2,2003,7,8174,Gilbert,2Story,VinylSd,178000
7,1314,2.0,626.0,1314.0,1314,2007,2,2008,6,5063,NridgHt,1Story,VinylSd,207500
7,2256,2.0,554.0,952.0,980,2000,2,2000,8,8795,Gilbert,2Story,VinylSd,236000
8,2004,3.0,644.0,870.0,878,2002,2,2002,8,12891,Gilbert,2Story,VinylSd,257500
6,2054,2.0,390.0,992.0,1022,2000,2,2000,7,12224,Gilbert,2Story,VinylSd,244000
7,1374,2.0,400.0,384.0,744,2004,2,2004,7,9734,Gilbert,SLvl,VinylSd,167000
6,1800,2.0,463.0,982.0,1007,2000,2,2000,7,8123,Gilbert,2Story,VinylSd,179000
6,1514,2.0,394.0,794.0,819,2000,2,2000,7,8433,Gilbert,2Story,VinylSd,190000
7,1430,2.0,400.0,384.0,774,1999,2,2000,7,7750,Gilbert,SLvl,VinylSd,156000
7,2312,3.0,658.0,1177.0,1223,1999,2,1999,8,15896,Gilbert,2Story,VinylSd,245000
6,1675,2.0,502.0,841.0,892,1999,2,1999,7,24682,Gilbert,2Story,VinylSd,181000
7,2060,2.0,390.0,992.0,1022,1999,2,1999,8,8755,Gilbert,2Story,VinylSd,214000
7,1430,2.0,410.0,384.0,774,1999,2,1999,7,7848,Gilbert,SLvl,VinylSd,168000
8,2365,3.0,856.0,1252.0,1268,1999,2,1999,8,9430,NoRidge,2Story,VinylSd,337000
8,2794,3.0,810.0,1462.0,1490,1995,2,1996,9,15138,NoRidge,2Story,VinylSd,403000
8,2687,3.0,810.0,1455.0,1466,2000,2,2000,10,12720,NoRidge,2Story,VinylSd,327000
8,2450,3.0,1069.0,1284.0,1310,1998,2,1998,7,16545,NoRidge,2Story,VinylSd,340000
8,2612,3.0,676.0,1225.0,1276,1998,2,1999,8,12203,NoRidge,2Story,VinylSd,336000
7,2344,3.0,889.0,1264.0,1277,1996,2,1997,7,10208,NoRidge,2Story,VinylSd,265000
8,2063,3.0,815.0,2024.0,2063,1994,2,1995,7,10750,NoRidge,1Story,Wd Sdng,315000
7,2646,3.0,656.0,1347.0,1372,1993,2,1993,9,9900,NoRidge,2Story,HdBoard,260000
7,2061,2.0,647.0,1070.0,1094,1995,2,1996,7,9085,NoRidge,2Story,VinylSd,260000
8,2232,2.0,623.0,1173.0,1215,1993,2,1994,8,11692,NoRidge,2Story,HdBoard,263550
8,2448,3.0,711.0,1629.0,1686,1994,2,2005,8,46589,NoRidge,2Story,VinylSd,402000
7,1850,2.0,467.0,973.0,979,1994,2,1994,7,29959,NoRidge,2Story,HdBoard,248000
8,1468,3.0,898.0,1468.0,1468,2008,2,2009,6,9612,Somerst,1Story,VinylSd,244600
8,1696,3.0,972.0,1696.0,1696,2008,2,2008,7,11194,Somerst,1Story,VinylSd,275000
8,1658,3.0,726.0,1614.0,1658,2008,2,2008,7,10206,Somerst,1Story,VinylSd,257500
8,1578,3.0,840.0,1573.0,1578,2008,2,2009,7,9262,Somerst,1Story,CemntBd,287090
8,1702,3.0,844.0,1702.0,1702,2007,2,2007,7,10130,Somerst,1Story,VinylSd,275500
8,1432,2.0,492.0,1422.0,1432,2006,2,2006,7,9139,Somerst,1Story,VinylSd,245000
7,1971,2.0,689.0,1113.0,1113,2005,2,2005,8,9675,Somerst,2Story,VinylSd,253000
9,2490,3.0,795.0,2458.0,2490,2005,2,2006,9,11128,Somerst,1Story,VinylSd,468000
7,1852,2.0,644.0,900.0,932,2009,2,2009,7,8640,Somerst,2Story,VinylSd,252678
8,1590,2.0,676.0,768.0,786,2008,2,2008,6,9000,Somerst,2Story,VinylSd,210000
6,1218,2.0,676.0,1218.0,1218,2009,2,2009,4,7862,Somerst,1Story,VinylSd,208300
7,1436,2.0,529.0,1436.0,1436,2008,2,2009,6,7993,Somerst,1Story,VinylSd,225000
8,1314,2.0,552.0,1300.0,1314,2009,2,2009,6,8640,Somerst,1Story,CemntBd,229456
7,1402,2.0,625.0,1402.0,1402,2008,2,2008,7,8640,Somerst,1Story,VinylSd,229800
9,1530,3.0,984.0,1530.0,1530,2007,2,2008,7,12606,Somerst,1Story,VinylSd,250000
9,1766,3.0,478.0,1766.0,1766,2009,2,2009,7,9187,Somerst,1Story,CemntBd,370878
8,1448,2.0,692.0,1372.0,1448,2006,2,2007,6,7500,Somerst,1Story,VinylSd,238500
10,2007,3.0,812.0,1017.0,1026,2008,2,2008,10,11003,Somerst,2Story,VinylSd,310000
8,1795,3.0,782.0,900.0,909,2006,2,2006,8,10603,Somerst,2Story,VinylSd,270000
8,1953,3.0,1043.0,1082.0,1082,2005,2,2006,9,10574,Somerst,2Story,VinylSd,252000
7,1550,2.0,438.0,1092.0,1112,2006,2,2007,7,8125,Somerst,2Story,CemntBd,241000
8,1836,2.0,517.0,1836.0,1836,2008,2,2009,8,8125,Somerst,1Story,VinylSd,264500
7,1662,3.0,711.0,1652.0,1662,2006,2,2007,8,10625,Somerst,1Story,VinylSd,291000
7,2094,2.0,615.0,912.0,912,2003,2,2004,8,9375,Somerst,2Story,VinylSd,263000
7,1221,2.0,400.0,1221.0,1221,2004,2,2005,6,7500,Somerst,1Story,VinylSd,185000
7,1553,2.0,588.0,1553.0,1553,2003,2,2004,6,8736,Somerst,1Story,VinylSd,234500
7,1653,2.0,628.0,812.0,812,2003,2,2003,6,8127,Somerst,2Story,VinylSd,209000
7,1218,2.0,576.0,1218.0,1218,2007,1,2007,6,9605,SawyerW,1Story,VinylSd,159000
7,1141,2.0,484.0,1141.0,1141,2006,1,2006,6,7500,SawyerW,1Story,VinylSd,152000
6,1158,0.0,0.0,1158.0,1158,2004,1,2004,5,7500,SawyerW,1Story,VinylSd,143500
7,1812,2.0,478.0,835.0,871,2004,2,2004,8,10628,SawyerW,2Story,VinylSd,193000
8,1512,3.0,845.0,1512.0,1512,2004,2,2004,6,10141,SawyerW,1Story,VinylSd,203000
7,1200,2.0,555.0,1176.0,1200,2003,2,2003,5,10083,SawyerW,1Story,VinylSd,184900
7,1114,2.0,576.0,1114.0,1114,2004,1,2005,6,13072,SawyerW,1Story,VinylSd,159000
5,1114,0.0,0.0,1114.0,1114,2004,1,2004,6,13072,SawyerW,1Story,VinylSd,142000
5,1114,2.0,576.0,1114.0,1114,2003,2,2004,6,12450,SawyerW,1Story,VinylSd,153000
7,1450,3.0,788.0,1450.0,1450,2008,2,2009,6,7328,SawyerW,1Story,VinylSd,224243
7,2122,2.0,559.0,913.0,913,1996,2,1997,8,11492,SawyerW,2Story,VinylSd,220000
8,1844,2.0,620.0,1844.0,1844,2005,2,2006,7,10994,SawyerW,1Story,VinylSd,257000
7,1434,2.0,527.0,1454.0,1434,2001,2,2001,6,8529,SawyerW,1Story,VinylSd,189000
6,1730,2.0,528.0,816.0,833,1992,2,1992,6,7703,SawyerW,2Story,HdBoard,171500
6,1217,1.0,288.0,626.0,626,1980,1,1980,6,10762,SawyerW,2Story,Plywood,120000
6,1332,2.0,542.0,1332.0,1332,1990,2,1991,5,7175,SawyerW,1Story,Plywood,145000
7,1540,2.0,495.0,754.0,754,1994,2,1994,6,9109,SawyerW,2Story,VinylSd,184000
6,1400,2.0,465.0,676.0,698,1986,2,1986,6,10274,SawyerW,2Story,VinylSd,162000
6,1882,2.0,612.0,0.0,964,1981,2,1981,8,8250,SawyerW,2Story,Wd Sdng,160000
4,841,1.0,294.0,721.0,841,1950,1,1950,4,8400,SawyerW,1Story,Wd Sdng,82000
6,784,2.0,360.0,784.0,784,1928,1,1950,5,9000,SawyerW,1.5Unf,Wd Sdng,76000
5,980,2.0,400.0,980.0,980,1962,1,1962,5,9750,Sawyer,1Story,HdBoard,110000
5,980,2.0,484.0,980.0,980,1977,1,1977,6,7064,Sawyer,1Story,Plywood,135000
5,864,2.0,732.0,864.0,864,1961,1,1961,5,8499,Sawyer,1Story,MetalSd,141000
5,864,1.0,440.0,864.0,864,1961,1,1961,5,9079,Sawyer,1Story,Wd Sdng,122000
5,1020,1.0,288.0,1024.0,1020,1965,2,1965,5,9316,Sawyer,1Story,HdBoard,124100
5,912,1.0,300.0,912.0,912,1963,1,1995,6,7791,Sawyer,1Story,Plywood,129000
5,1144,1.0,264.0,864.0,1144,1961,1,1983,6,10000,Sawyer,1Story,HdBoard,131400
5,864,1.0,360.0,864.0,864,1965,1,1965,5,8281,Sawyer,1Story,MetalSd,62383
5,912,1.0,252.0,912.0,912,1962,1,1962,6,7150,Sawyer,1Story,VinylSd,123000
8,2014,3.0,864.0,2014.0,2014,1980,2,1980,6,15676,Veenker,1Story,VinylSd,275000
7,1755,2.0,524.0,975.0,975,1991,2,2008,7,11949,NoRidge,2Story,VinylSd,235000
7,3005,3.0,704.0,1376.0,1376,2004,2,2005,9,2880,Somerst,2Story,MetalSd,280750
6,1224,2.0,528.0,612.0,612,2009,2,2009,4,3951,Somerst,2Story,VinylSd,164500
6,1224,2.0,528.0,612.0,612,2009,2,2009,4,3000,Somerst,2Story,VinylSd,173733
6,1726,2.0,561.0,1726.0,1726,2008,2,2008,6,3830,Somerst,1Story,VinylSd,222000
6,1256,2.0,641.0,1145.0,1256,2008,1,2008,5,4217,Somerst,1Story,VinylSd,195000
6,1471,2.0,440.0,729.0,742,1999,2,1999,6,3230,Somerst,2Story,MetalSd,172500
6,1512,2.0,440.0,756.0,756,2000,2,2000,4,2998,Somerst,2Story,MetalSd,180000
7,1452,2.0,506.0,691.0,713,1999,2,1999,6,3768,Somerst,2Story,MetalSd,156000
8,1739,2.0,480.0,970.0,983,1999,2,2000,7,2645,Somerst,2Story,MetalSd,172500
8,1694,2.0,642.0,1694.0,1694,1977,2,2008,5,14694,Veenker,1Story,MetalSd,318750
8,1226,2.0,484.0,1226.0,1226,1981,1,1981,4,3782,Greens,1Story,Wd Sdng,211500
7,1740,2.0,540.0,1740.0,1740,1981,1,1981,7,15417,Veenker,1Story,BrkFace,241600
8,2499,2.0,527.0,392.0,1487,1976,2,1976,5,9600,Veenker,SLvl,Plywood,180500
4,1620,2.0,490.0,1281.0,1620,1976,2,1993,8,9991,Sawyer,1Story,Plywood,150000
6,1556,2.0,441.0,727.0,829,1968,1,1968,8,11700,NWAmes,2Story,MetalSd,154000
6,1442,2.0,615.0,1442.0,1442,1970,2,1970,6,11717,NWAmes,1Story,HdBoard,185000
6,1489,2.0,462.0,1489.0,1489,1968,2,1968,7,9156,NWAmes,1Story,BrkFace,185750
7,2090,2.0,484.0,1107.0,1107,1973,2,1973,7,10382,NWAmes,2Story,HdBoard,200000
7,2067,2.0,784.0,752.0,1285,1974,2,1974,7,12732,NWAmes,2Story,VinylSd,206000
6,1395,2.0,497.0,723.0,735,1972,1,1972,6,12936,NWAmes,2Story,HdBoard,162000
6,2640,2.0,515.0,932.0,1271,1967,2,1997,8,10400,NWAmes,2Story,MetalSd,256900
6,1724,2.0,480.0,1680.0,1724,1967,1,1976,7,17871,NWAmes,SLvl,HdBoard,197900
5,1336,2.0,502.0,1288.0,1336,1969,2,1969,6,9600,NWAmes,1Story,HdBoard,163000
6,1216,1.0,336.0,1216.0,1216,1969,1,1969,5,9000,NWAmes,1Story,HdBoard,113000
7,2288,2.0,520.0,908.0,1316,1977,1,1992,8,13774,NWAmes,2Story,HdBoard,230000
6,1334,2.0,630.0,1350.0,1334,1977,2,1977,6,9650,NWAmes,1Story,Plywood,167900
7,1680,2.0,583.0,1650.0,1680,1998,2,1999,7,10140,NWAmes,1Story,VinylSd,213250
8,1665,2.0,528.0,810.0,810,2001,2,2001,6,8400,NWAmes,2Story,VinylSd,227000
5,864,1.0,312.0,864.0,864,1967,1,1967,5,7130,NAmes,1Story,HdBoard,130000
5,1568,2.0,440.0,1568.0,1568,1967,1,1967,7,9600,NAmes,1Story,HdBoard,143000
5,925,1.0,429.0,925.0,925,1965,1,1965,5,9100,NAmes,1Story,VinylSd,117500
7,2061,2.0,498.0,1165.0,1165,1974,2,1974,8,9600,NWAmes,2Story,Plywood,168500
6,1320,2.0,495.0,1232.0,1320,1971,2,1971,5,16500,NWAmes,SFoyer,HdBoard,172500
6,1342,2.0,457.0,1372.0,1342,1967,2,1967,7,9790,NWAmes,1Story,BrkFace,161500
4,894,2.0,396.0,894.0,894,1960,1,1960,5,7436,NAmes,1Story,VinylSd,141500
5,864,1.0,308.0,864.0,864,1959,1,1959,5,8125,NAmes,1Story,MetalSd,118000
6,864,1.0,300.0,864.0,864,1959,1,1959,5,9100,NAmes,1Story,Wd Sdng,127500
4,1362,3.0,768.0,1040.0,1362,1957,1,1957,6,9450,NAmes,1Story,Wd Sdng,140000
5,1728,2.0,576.0,1048.0,1728,1956,2,1956,7,13495,NAmes,1Story,Wd Sdng,177625
5,1776,3.0,888.0,1584.0,1776,1958,2,1958,9,11475,NAmes,1Story,VinylSd,110000
6,1516,2.0,472.0,1516.0,1516,1964,1,1964,6,10004,NAmes,1Story,HdBoard,167000
5,1313,2.0,610.0,1313.0,1313,1961,1,1995,6,9350,NAmes,1Story,Wd Sdng,153000
5,1292,2.0,520.0,1292.0,1292,1964,1,1964,6,10500,NAmes,1Story,HdBoard,145100
5,1154,2.0,480.0,1154.0,1154,1966,1,1966,6,11000,NAmes,1Story,Plywood,154000
5,2140,2.0,549.0,744.0,825,1965,2,1965,7,8970,NAmes,2Story,MetalSd,177500
6,1445,2.0,645.0,1127.0,1445,1964,1,1964,7,12095,NAmes,SLvl,MetalSd,158000
5,1041,1.0,270.0,1041.0,1041,1959,1,1959,6,9600,NAmes,1Story,MetalSd,124500
6,1576,2.0,368.0,1208.0,1576,1961,1,1961,7,11475,NAmes,SLvl,HdBoard,174500
5,960,1.0,330.0,960.0,960,1955,1,1955,5,9768,NAmes,1Story,Wd Sdng,122000
4,708,0.0,0.0,420.0,708,1940,1,1950,5,5330,BrkSide,1Story,VinylSd,82500
5,1203,1.0,352.0,709.0,979,1950,1,1950,5,7015,BrkSide,1.5Fin,MetalSd,110000
6,1505,2.0,505.0,1505.0,1505,1953,1,1953,6,12160,NAmes,1Story,Wd Sdng,149500
6,1691,2.0,550.0,1680.0,1691,1967,1,1967,5,9900,NAmes,1Story,BrkComm,175000
6,1644,2.0,418.0,1416.0,1644,1953,1,1953,7,9600,NAmes,1Story,HdBoard,167000
5,1050,1.0,338.0,1050.0,1050,1956,1,1956,5,9600,NAmes,1Story,MetalSd,128900
6,1668,1.0,271.0,856.0,1112,1950,1,2005,6,9600,NAmes,1.5Fin,VinylSd,140000
5,1113,1.0,264.0,1113.0,1113,1950,1,2007,5,9600,NAmes,1Story,MetalSd,147000
5,1584,3.0,792.0,1584.0,1584,1967,2,1967,8,8944,NAmes,1Story,Plywood,124000
6,1453,2.0,530.0,1453.0,1453,1961,2,1961,6,10573,NAmes,1Story,MetalSd,187500
6,1394,2.0,514.0,1394.0,1394,1963,1,1963,6,9500,NAmes,1Story,Plywood,159000
6,1567,2.0,542.0,1562.0,1567,1966,2,2008,5,14695,NAmes,1Story,MetalSd,256000
7,1986,2.0,486.0,768.0,1186,1965,2,1990,7,13600,NAmes,2Story,HdBoard,205000
6,2142,1.0,509.0,896.0,1182,1968,2,1968,8,13000,NAmes,2Story,VinylSd,193500
6,1392,2.0,576.0,1392.0,1392,1968,1,1968,5,13560,NAmes,1Story,Wd Sdng,110000
4,1738,1.0,368.0,715.0,1281,1920,2,2007,7,12513,NAmes,1.5Fin,VinylSd,104900
5,1144,1.0,286.0,1169.0,1144,1956,1,1956,6,8760,NAmes,1Story,Wd Sdng,150000
6,1478,2.0,442.0,1478.0,1478,1957,1,1957,6,8400,NAmes,1Story,BrkFace,156500
7,1329,2.0,441.0,1329.0,1329,1960,1,1960,5,12285,NAmes,1Story,Plywood,176000
6,988,1.0,297.0,988.0,988,1959,2,1998,6,9240,NAmes,1Story,MetalSd,149500
6,1632,1.0,338.0,1240.0,1632,1958,2,1988,6,9600,NAmes,1Story,Wd Sdng,139000
6,1215,1.0,297.0,1215.0,1215,1958,1,1998,6,12400,NAmes,1Story,Wd Sdng,155000
5,1202,1.0,304.0,1202.0,1202,1956,1,1956,6,8750,NAmes,1Story,BrkFace,120000
5,1382,1.0,350.0,1382.0,1382,1955,1,1955,6,8750,NAmes,1Story,AsbShng,153000
4,1200,1.0,294.0,1200.0,1200,1956,1,1956,6,10400,NAmes,1Story,Plywood,144000
6,1382,2.0,884.0,1362.0,1382,1962,1,1962,6,19296,NAmes,SLvl,Wd Sdng,176000
5,1297,2.0,498.0,1297.0,1297,1954,1,1990,5,8532,NAmes,1Story,Wd Sdng,153000
5,1866,2.0,495.0,1866.0,1866,1958,2,1958,8,9482,NAmes,1Story,Wd Sdng,135000
6,1062,1.0,297.0,1062.0,1062,1954,1,1954,6,8128,NAmes,1Story,MetalSd,131000
5,1319,1.0,270.0,608.0,1319,1953,1,1953,5,10634,NAmes,1Story,MetalSd,123000
5,1112,2.0,480.0,631.0,1112,1951,1,1951,5,13070,NAmes,1Story,MetalSd,126000
4,1005,2.0,672.0,1005.0,1005,1955,1,1955,5,10434,NAmes,1Story,Plywood,115000
5,1363,1.0,288.0,1008.0,1363,1951,1,2000,6,14559,NAmes,1Story,Wd Sdng,164900
5,793,1.0,240.0,793.0,793,1945,1,1950,4,8480,NAmes,1Story,MetalSd,113000
5,1031,1.0,230.0,1031.0,1031,1952,1,2005,5,7626,NAmes,1Story,Wd Sdng,145500
5,1210,1.0,616.0,0.0,1210,1953,1,1953,7,9533,NAmes,1Story,Wd Sdng,102900
3,1699,2.0,420.0,978.0,1014,1900,2,1970,7,10615,OldTown,2Story,HdBoard,95000
7,1527,2.0,410.0,699.0,801,1948,1,1999,6,11419,NAmes,2Story,WdShing,152500
5,1200,1.0,246.0,1200.0,1200,1950,1,1950,6,9600,NAmes,1Story,Wd Sdng,129900
6,972,1.0,240.0,972.0,972,1948,1,2002,5,8000,NAmes,1Story,VinylSd,132000
3,792,1.0,366.0,792.0,792,1958,1,1958,4,5470,OldTown,1Story,MetalSd,99900
5,1656,1.0,180.0,660.0,808,1916,2,1987,8,10410,OldTown,1.5Fin,HdBoard,135000
5,1352,2.0,720.0,676.0,676,1939,2,2006,7,10800,OldTown,2Story,VinylSd,149000
4,1039,1.0,281.0,405.0,717,1900,1,2003,6,8146,OldTown,2Story,MetalSd,114000
5,792,1.0,240.0,768.0,792,1924,1,2006,5,9022,OldTown,1Story,VinylSd,109500
5,1078,1.0,264.0,1054.0,1078,1925,1,1950,6,10230,OldTown,1Story,MetalSd,125000
4,2377,2.0,528.0,1313.0,1313,1915,2,1950,8,10410,OldTown,1.5Fin,MetalSd,142900
7,1690,2.0,624.0,560.0,930,1910,2,2008,5,7200,OldTown,2Story,VinylSd,156500
2,599,0.0,0.0,416.0,599,1940,1,1950,4,5400,OldTown,1Story,Stucco,59000
4,1374,1.0,338.0,840.0,840,1920,1,1950,6,5400,OldTown,1.5Fin,CBlock,105000
5,846,2.0,576.0,720.0,846,1920,1,1950,4,10800,OldTown,1Story,Wd Sdng,106000
3,725,1.0,320.0,630.0,725,1890,1,1998,4,10800,OldTown,1Story,VinylSd,78500
6,2544,3.0,907.0,1248.0,1248,1969,2,1969,12,9671,NAmes,2Story,MetalSd,190000
6,1380,1.0,364.0,1380.0,1380,1963,1,1963,6,10143,NAmes,1Story,HdBoard,154000
6,1040,2.0,480.0,1040.0,1040,1967,1,1967,6,11500,NAmes,1Story,HdBoard,163000
5,2634,4.0,968.0,1248.0,1338,1969,2,1969,12,11643,NAmes,2Story,MetalSd,200000
6,951,2.0,480.0,951.0,951,1958,1,2007,6,8010,NAmes,1Story,Wd Sdng,143500
6,1105,1.0,308.0,1105.0,1105,1957,1,1957,5,10454,NAmes,1Story,Plywood,135000
5,1306,1.0,756.0,992.0,1306,1957,1,2000,5,8712,NAmes,1Story,MetalSd,153000
6,1478,2.0,498.0,1478.0,1478,1960,2,1960,6,17600,NAmes,1Story,Wd Sdng,157500
6,1142,1.0,384.0,160.0,1142,1958,1,1958,5,9000,NAmes,1Story,Wd Sdng,113500
5,1268,1.0,288.0,832.0,1036,1949,1,1950,6,12144,NAmes,1Story,HdBoard,133000
3,1040,2.0,400.0,0.0,1040,1950,2,1950,6,8544,NAmes,1Story,BrkFace,92900
6,1133,2.0,900.0,795.0,765,1950,1,1950,5,8064,NAmes,1.5Fin,Wd Sdng,128500
4,1040,2.0,420.0,0.0,1040,1949,2,1950,6,7200,NAmes,1Story,BrkFace,90000
5,1904,1.0,240.0,1208.0,1136,1950,1,1982,7,7200,NAmes,1.5Fin,VinylSd,138000
5,1041,1.0,294.0,1041.0,1041,1958,1,1958,6,7350,NAmes,1Story,BrkFace,128000
5,1339,1.0,294.0,1029.0,1339,1958,1,1965,6,7560,NAmes,1Story,BrkFace,139000
5,732,1.0,240.0,732.0,732,1952,1,1952,4,7200,NAmes,1Story,MetalSd,118900
5,1183,1.0,288.0,528.0,1183,1959,1,1959,6,8000,NAmes,SLvl,BrkFace,138000
5,1148,1.0,672.0,1148.0,1148,1959,1,1959,6,7931,NAmes,1Story,BrkFace,132500
4,1461,1.0,384.0,832.0,832,1949,2,1996,6,10800,NAmes,1.5Fin,MetalSd,133500
6,1495,2.0,576.0,864.0,1064,1948,1,1994,6,8064,NAmes,1.5Fin,MetalSd,135000
6,1806,2.0,483.0,780.0,993,1964,1,1964,8,7570,NAmes,2Story,HdBoard,144750
5,941,2.0,564.0,941.0,941,1978,1,1978,4,8604,NAmes,SFoyer,Plywood,145000
6,1045,1.0,264.0,1045.0,1045,1963,1,1963,6,7936,NAmes,1Story,HdBoard,127000
5,894,1.0,308.0,894.0,894,1962,1,1962,5,6600,NAmes,1Story,MetalSd,109500
6,1224,1.0,210.0,818.0,818,1926,1,2004,5,3950,OldTown,1.5Fin,MetalSd,115000
5,1230,2.0,440.0,440.0,682,1910,1,1981,5,10440,OldTown,2Story,Wd Sdng,110000
6,1378,1.0,162.0,901.0,861,1935,1,1998,6,4080,OldTown,1.5Fin,Wd Sdng,128900
6,1944,2.0,324.0,972.0,972,1910,2,1950,12,10307,OldTown,2Story,Wd Sdng,103500
5,1131,1.0,200.0,676.0,676,1941,1,1950,5,5720,OldTown,1.5Fin,Wd Sdng,66500
5,1306,2.0,472.0,240.0,810,1910,1,2003,6,15660,OldTown,1.5Fin,VinylSd,130000
5,1464,0.0,0.0,504.0,764,1910,2,2002,7,9900,OldTown,2Story,VinylSd,129000
5,1558,2.0,400.0,690.0,868,1939,1,1950,7,6406,OldTown,2Story,Wd Sdng,150000
5,2372,1.0,432.0,994.0,1378,1892,2,1965,11,6600,OldTown,2Story,Wd Sdng,107500
4,1701,0.0,0.0,600.0,1101,1920,2,1950,8,7627,OldTown,2Story,AsbShng,94550
5,1960,2.0,400.0,960.0,960,1952,2,1952,10,7596,OldTown,2Story,Wd Sdng,124500
7,1389,1.0,240.0,651.0,707,1946,1,1992,6,3378,OldTown,2Story,HdBoard,135000
5,1447,0.0,0.0,801.0,801,1910,1,1950,6,10134,OldTown,1.5Fin,MetalSd,103000
4,936,2.0,576.0,936.0,936,1953,1,1953,4,6000,OldTown,1Story,MetalSd,93000
5,1328,1.0,308.0,768.0,768,1950,1,1970,6,6000,OldTown,1.5Fin,Wd Sdng,129500
5,1387,1.0,256.0,811.0,811,1954,2,1954,7,6000,OldTown,1.5Fin,Wd Sdng,93000
4,861,2.0,288.0,861.0,861,1920,1,1950,5,7404,OldTown,1Story,MetalSd,80000
2,612,1.0,308.0,0.0,612,1940,1,1950,4,5925,OldTown,1Story,MetalSd,45000
3,968,0.0,0.0,600.0,600,1910,1,1950,6,5925,OldTown,1.5Fin,VinylSd,37900
5,886,1.0,273.0,190.0,886,1938,1,1996,4,5784,OldTown,1Story,MetalSd,91300
5,792,1.0,287.0,624.0,792,1923,1,1950,5,8520,OldTown,1Story,Stucco,99500
4,1452,0.0,0.0,736.0,736,1920,2,2008,8,4456,OldTown,2Story,MetalSd,113000
4,1510,2.0,720.0,677.0,833,1910,2,1950,7,9600,OldTown,2Story,VinylSd,87500
5,1284,1.0,240.0,720.0,720,1947,1,1950,5,3500,OldTown,1.5Fin,AsbShng,110000
5,2138,2.0,360.0,849.0,1075,1898,2,1965,11,8100,OldTown,2.5Unf,AsbShng,106000
7,2640,4.0,864.0,1240.0,1320,1880,1,2003,8,11700,OldTown,2Story,Stucco,265979
6,2007,1.0,357.0,917.0,1090,1900,2,1950,8,8400,OldTown,2Story,Stucco,160000
6,1288,1.0,280.0,624.0,664,1917,1,2007,5,3600,OldTown,2Story,Stucco,119000
8,1742,2.0,424.0,916.0,916,1882,1,1986,8,17671,OldTown,2Story,Wd Sdng,168000
4,816,0.0,0.0,624.0,816,1910,1,1950,5,3300,OldTown,1Story,Stucco,58500
7,1482,2.0,324.0,650.0,832,1920,1,1988,7,9000,OldTown,2Story,VinylSd,143000
5,1022,1.0,280.0,1022.0,1022,1910,1,2006,4,7200,OldTown,1Story,MetalSd,85000
5,1869,2.0,456.0,1088.0,1188,1890,1,1996,7,8820,OldTown,1.5Fin,VinylSd,124900
6,1480,1.0,207.0,972.0,1044,1920,1,1950,6,5400,OldTown,1.5Fin,MetalSd,119000
6,1521,3.0,640.0,741.0,780,1910,1,2002,8,9720,OldTown,2Story,MetalSd,146500
4,720,0.0,0.0,720.0,720,1920,1,1950,4,7879,IDOTRR,1Story,Wd Sdng,34900
3,797,0.0,0.0,245.0,797,1900,1,1950,5,9392,IDOTRR,1Story,AsbShng,44000
5,1576,2.0,528.0,1324.0,1072,1923,1,2004,6,21384,BrkSide,2Story,Wd Sdng,223500
6,1432,1.0,216.0,1022.0,1432,1923,1,1950,6,6615,BrkSide,1Story,MetalSd,149000
7,1548,2.0,672.0,952.0,952,1925,2,2007,5,7264,BrkSide,1.5Fin,Wd Sdng,205000
5,1654,1.0,336.0,297.0,1001,1930,2,1982,7,4960,BrkSide,1.5Fin,WdShing,137000
6,952,1.0,192.0,952.0,952,1916,1,1950,4,8854,BrkSide,1.5Unf,Wd Sdng,121000
4,1324,1.0,240.0,672.0,757,1936,1,1950,6,6000,BrkSide,1.5Fin,MetalSd,128000
6,1176,2.0,624.0,698.0,786,1937,1,2000,4,6000,BrkSide,1.5Fin,MetalSd,134900
5,1348,1.0,216.0,884.0,884,1925,1,1997,5,6000,BrkSide,1.5Fin,Wd Sdng,117000
6,1412,1.0,280.0,780.0,825,1939,1,1950,6,6000,BrkSide,1.5Fin,MetalSd,132500
5,1142,1.0,320.0,468.0,822,1924,1,1950,6,6000,BrkSide,1.5Fin,Stucco,93000
6,904,1.0,180.0,884.0,904,1926,1,2004,4,6000,BrkSide,1.5Unf,Wd Sdng,119000
5,1301,2.0,440.0,1145.0,1301,1924,1,1950,5,6911,BrkSide,1Story,Wd Sdng,100000
5,1539,2.0,576.0,927.0,1067,1936,1,1950,5,6120,BrkSide,1.5Fin,Wd Sdng,141500
4,1573,1.0,240.0,884.0,989,1935,1,1995,6,6120,BrkSide,1.5Fin,AsbShng,133000
2,800,0.0,0.0,264.0,800,1936,1,1950,4,6120,BrkSide,1Story,AsbShng,60000
5,875,1.0,180.0,715.0,875,1931,1,1993,5,6120,BrkSide,1Story,Wd Sdng,105000
5,995,1.0,264.0,960.0,995,1925,1,1999,5,6120,BrkSide,1Story,MetalSd,115000
5,1582,1.0,250.0,952.0,994,1938,2,1950,6,6120,BrkSide,1.5Fin,Wd Sdng,150000
5,1072,5.0,1184.0,1072.0,1072,1925,1,1950,5,8635,BrkSide,1Story,Wd Sdng,126500
6,2134,2.0,441.0,844.0,1445,1916,2,1994,10,11888,BrkSide,2.5Unf,Wd Sdng,214500
7,2019,2.0,532.0,728.0,1136,1910,1,1993,8,11414,BrkSide,2Story,HdBoard,167500
6,1768,2.0,576.0,1048.0,1048,1915,2,1950,8,8094,OldTown,2Story,MetalSd,155000
7,1826,1.0,164.0,910.0,916,1915,1,2005,7,2500,OldTown,2Story,Stucco,155000
7,1944,1.0,216.0,672.0,1272,1915,2,1994,8,9928,OldTown,2Story,Wd Sdng,179900
6,2229,0.0,0.0,755.0,929,1912,1,1950,8,5520,OldTown,2.5Fin,Wd Sdng,104000
5,2128,0.0,0.0,1040.0,1088,1922,2,1950,11,3000,OldTown,2Story,MetalSd,62500
6,1930,1.0,316.0,720.0,1146,1927,2,1950,8,6876,IDOTRR,2Story,Plywood,149000
4,1208,2.0,539.0,780.0,848,1925,1,1950,5,6240,IDOTRR,1.5Fin,MetalSd,103000
6,1427,1.0,379.0,483.0,741,1915,1,2002,7,5775,OldTown,2Story,Wd Sdng,123000
7,1864,0.0,0.0,1020.0,978,1902,2,2000,9,5852,OldTown,2.5Unf,MetalSd,97500
6,1666,1.0,384.0,1204.0,1204,1927,1,1950,4,5160,IDOTRR,1.5Fin,MetalSd,135000
4,892,0.0,0.0,858.0,892,1923,1,1950,5,5160,IDOTRR,SFoyer,MetalSd,70000
6,1403,1.0,308.0,698.0,754,1915,1,1965,7,10320,IDOTRR,2Story,MetalSd,116000
4,704,1.0,220.0,560.0,704,1946,1,2001,4,4280,Sawyer,1Story,MetalSd,88750
5,1200,0.0,0.0,1200.0,1200,1987,3,1988,5,10800,Edwards,1Story,Plywood,179000
5,1200,0.0,0.0,1200.0,1200,1987,3,1988,5,10800,Edwards,1Story,Plywood,179000
5,1152,1.0,252.0,1152.0,1152,1978,2,1978,6,10547,Edwards,SFoyer,Plywood,159900
1,904,0.0,0.0,683.0,904,1922,0,1950,4,10020,Edwards,1Story,Wd Sdng,61000
6,1369,1.0,300.0,672.0,697,1925,2,1950,6,6629,Edwards,2Story,Wd Sdng,103600
5,1112,1.0,226.0,585.0,687,1934,2,1950,6,9780,Edwards,1.5Fin,MetalSd,63000
5,1464,2.0,480.0,520.0,1464,1963,2,1999,6,12886,Sawyer,SLvl,HdBoard,175000
5,1121,2.0,480.0,1121.0,1121,1963,1,1963,5,8816,Sawyer,1Story,VinylSd,139000
6,1683,2.0,440.0,918.0,918,1978,2,1978,7,11184,Sawyer,2Story,HdBoard,172500
5,1052,1.0,668.0,1052.0,1052,1967,1,1967,6,11625,Sawyer,1Story,HdBoard,113500
5,899,1.0,288.0,864.0,899,1967,1,2004,5,7800,Sawyer,1Story,HdBoard,130000
6,1034,2.0,504.0,456.0,1034,1978,1,1978,5,8014,Sawyer,SFoyer,Plywood,149900
5,858,2.0,576.0,858.0,858,1982,1,1982,5,7252,Sawyer,SFoyer,Wd Sdng,134900
5,860,2.0,528.0,840.0,860,1982,1,1982,4,8740,Sawyer,SFoyer,HdBoard,137000
5,1092,1.0,288.0,1092.0,1092,1962,1,1962,6,11616,Sawyer,1Story,Wd Sdng,139000
5,1774,1.0,384.0,552.0,904,1961,2,1961,8,15400,Sawyer,SLvl,HdBoard,165000
6,1138,2.0,480.0,1138.0,1138,1960,1,1960,6,15312,Sawyer,SLvl,Wd Sdng,148000
5,2071,1.0,336.0,825.0,2071,1956,1,1956,9,15584,ClearCr,SLvl,Wd Sdng,165000
2,660,0.0,0.0,0.0,660,1947,1,1950,5,9000,Sawyer,1Story,Wd Sdng,63900
4,1788,1.0,304.0,1104.0,1104,1957,1,1989,8,11250,ClearCr,1.5Fin,Wd Sdng,161500
5,1473,1.0,452.0,1437.0,1473,1968,1,2003,5,25095,ClearCr,1Story,Wd Sdng,143000
4,1229,1.0,284.0,1134.0,1229,1956,1,1956,6,17140,Edwards,1Story,VinylSd,135000
4,861,2.0,539.0,861.0,861,1940,1,1950,4,12342,Edwards,1Story,VinylSd,82500
5,1867,1.0,303.0,1617.0,1867,1955,1,1993,7,10708,ClearCr,1Story,Wd Sdng,190000
3,1733,2.0,452.0,0.0,1733,1955,2,1955,8,13680,Edwards,1Story,BrkFace,139600
4,1383,2.0,498.0,0.0,1383,1954,1,1954,6,15635,Edwards,1Story,VinylSd,122000
6,1689,2.0,480.0,1436.0,1689,1956,1,1956,7,9855,Edwards,1Story,Wd Sdng,127500
5,1073,1.0,340.0,1073.0,1073,1956,1,1956,5,9571,Edwards,1Story,MetalSd,121500
5,1276,1.0,350.0,1276.0,1276,1958,1,1958,5,9571,Edwards,1Story,BrkComm,60000
6,1639,1.0,240.0,747.0,892,1946,1,1950,6,9350,Edwards,2Story,MetalSd,154400
4,672,1.0,234.0,672.0,672,1941,1,1950,4,9340,Edwards,1Story,MetalSd,113000
5,1089,1.0,252.0,1089.0,1089,1954,1,1954,5,7440,Edwards,1Story,Wd Sdng,125000
4,845,1.0,290.0,0.0,845,1957,1,1957,5,11500,Edwards,1Story,Wd Sdng,84000
5,1049,1.0,266.0,1049.0,1049,1984,2,1984,5,4235,Edwards,1Story,HdBoard,139500
5,1716,1.0,281.0,768.0,1148,1949,1,2008,8,11409,Edwards,1.5Fin,Wd Sdng,131000
6,1258,1.0,280.0,560.0,698,1939,1,1950,6,9060,Edwards,1.5Fin,WdShing,105000
4,1510,1.0,296.0,755.0,755,1940,1,1950,7,9084,Edwards,2Story,MetalSd,108000
7,1061,2.0,462.0,1054.0,1061,1990,1,1991,4,10778,SawyerW,SLvl,HdBoard,162000
6,1338,2.0,576.0,520.0,1338,1983,1,1983,5,19255,SawyerW,SLvl,Wd Sdng,156500
8,2132,2.0,612.0,1496.0,1496,1983,1,2009,5,12327,SawyerW,1.5Fin,Wd Sdng,316600
7,2196,3.0,701.0,2158.0,2196,1990,2,1991,7,14684,SawyerW,1Story,HdBoard,271900
7,1775,2.0,425.0,740.0,1006,1993,2,1993,7,9317,SawyerW,2Story,HdBoard,213000
7,1879,2.0,473.0,1079.0,1079,1993,2,1994,8,10560,SawyerW,2Story,VinylSd,239900
8,2020,2.0,466.0,1128.0,1142,1995,2,1995,8,9828,SawyerW,2Story,VinylSd,239500
5,2016,2.0,576.0,0.0,1288,1880,1,2007,7,26400,SawyerW,2Story,HdBoard,131000
5,1535,2.0,410.0,0.0,1535,1979,2,1979,8,7018,SawyerW,1Story,HdBoard,118964
5,1224,2.0,528.0,1086.0,1224,1979,0,1979,6,7018,SawyerW,SFoyer,Plywood,153337
5,2228,2.0,720.0,0.0,1114,1979,2,1979,8,7018,SawyerW,2Story,HdBoard,147983
5,1535,2.0,400.0,0.0,1535,1979,2,1979,8,7018,SawyerW,1Story,HdBoard,118858
5,1535,2.0,400.0,0.0,1535,1979,2,1979,8,7018,SawyerW,1Story,Plywood,118858
5,2240,2.0,528.0,0.0,1120,1979,2,1979,12,7018,SawyerW,2Story,Plywood,142953
5,1229,2.0,672.0,1094.0,1229,1979,0,1979,6,7040,SawyerW,SFoyer,Plywood,148325
5,1513,2.0,400.0,0.0,1513,1979,2,1979,8,7007,SawyerW,1Story,HdBoard,113722
7,2787,4.0,820.0,1168.0,1168,2000,4,2000,8,11855,SawyerW,2Story,VinylSd,269500
7,2787,4.0,820.0,1168.0,1168,2000,4,2000,8,7939,SawyerW,2Story,VinylSd,269500
7,2787,4.0,820.0,1168.0,1168,2000,4,2000,8,7976,SawyerW,2Story,VinylSd,269500
9,1680,3.0,1138.0,1555.0,1680,2009,1,2009,8,10933,CollgCr,1Story,VinylSd,323262
8,1718,3.0,826.0,1705.0,1718,2007,2,2008,7,10637,CollgCr,1Story,VinylSd,297000
8,1630,3.0,860.0,1622.0,1630,2008,2,2008,8,10226,CollgCr,1Story,VinylSd,295493
9,1720,3.0,846.0,1720.0,1720,2008,2,2008,8,10816,CollgCr,1Story,VinylSd,332000
8,1468,3.0,904.0,1468.0,1468,2008,2,2008,6,9178,CollgCr,1Story,VinylSd,239900
8,1768,2.0,578.0,866.0,866,2007,2,2007,7,10769,CollgCr,2Story,VinylSd,212000
8,1838,2.0,524.0,1838.0,1838,2007,2,2008,7,11422,CollgCr,1Story,VinylSd,272500
9,1800,2.0,702.0,1800.0,1800,2007,2,2007,7,11923,CollgCr,1Story,VinylSd,239000
7,1604,2.0,660.0,1604.0,1604,2006,2,2006,8,8814,CollgCr,1Story,VinylSd,220000
7,1290,2.0,662.0,1282.0,1290,2007,2,2007,6,6762,CollgCr,1Story,VinylSd,200000
8,1254,3.0,810.0,1254.0,1254,2008,2,2008,5,10324,CollgCr,1Story,VinylSd,221800
7,1232,2.0,632.0,1232.0,1232,2007,2,2007,6,7314,CollgCr,1Story,VinylSd,194500
8,1498,3.0,844.0,1498.0,1498,2005,2,2006,7,11645,CollgCr,1Story,VinylSd,237000
6,1422,2.0,440.0,704.0,704,2005,2,2006,7,11646,CollgCr,2Story,VinylSd,173000
7,1644,2.0,569.0,1518.0,1644,1989,2,1989,5,12800,SawyerW,SLvl,Wd Sdng,275000
7,1759,2.0,525.0,1449.0,944,1992,2,1993,7,16698,ClearCr,2Story,VinylSd,233500
5,2126,2.0,538.0,1013.0,1160,1967,2,1967,7,28698,ClearCr,2Story,Plywood,185000
5,1040,2.0,576.0,1040.0,1040,1996,1,1996,6,12464,CollgCr,1Story,VinylSd,152000
5,990,1.0,440.0,990.0,990,1994,1,1994,5,9757,CollgCr,1Story,VinylSd,143000
6,1764,2.0,470.0,928.0,928,1997,2,1997,7,15426,CollgCr,2Story,VinylSd,231500
7,1661,2.0,550.0,799.0,827,1996,2,1996,6,10667,CollgCr,2Story,VinylSd,212000
7,1463,2.0,539.0,1463.0,1463,1998,2,1998,5,14753,CollgCr,1Story,VinylSd,207000
5,1097,2.0,672.0,1097.0,1097,1994,1,1995,6,10859,CollgCr,1Story,VinylSd,145000
5,990,2.0,480.0,990.0,990,1994,1,1995,5,8072,CollgCr,1Story,VinylSd,138000
7,1779,2.0,546.0,866.0,866,1998,2,1998,6,10400,CollgCr,2Story,VinylSd,197900
7,1501,2.0,577.0,1490.0,1501,1999,2,1999,6,10335,CollgCr,1Story,VinylSd,204000
7,1431,2.0,666.0,1431.0,1431,1999,2,1999,6,9017,CollgCr,1Story,VinylSd,192000
6,1772,2.0,492.0,928.0,928,1998,2,1998,7,8750,CollgCr,2Story,VinylSd,200000
7,1660,2.0,493.0,831.0,831,2002,2,2002,7,8935,CollgCr,2Story,VinylSd,195000
7,1573,2.0,544.0,1573.0,1573,2002,2,2002,6,9808,CollgCr,1Story,VinylSd,227000
7,1840,2.0,622.0,944.0,944,2001,2,2001,6,12420,CollgCr,2Story,VinylSd,230000
7,1430,2.0,605.0,1413.0,1430,2001,2,2002,6,16285,CollgCr,1Story,VinylSd,187100
7,1444,2.0,577.0,1431.0,1444,2002,2,2001,6,10739,CollgCr,1Story,VinylSd,203000
7,1492,2.0,608.0,1492.0,1492,2001,2,2001,6,11166,CollgCr,1Story,VinylSd,201000
5,1040,0.0,0.0,1040.0,1040,1978,2,1978,5,8430,CollgCr,1Story,HdBoard,124000
5,907,1.0,343.0,907.0,907,1978,1,1978,5,16269,CollgCr,1Story,MetalSd,140000
5,914,2.0,444.0,914.0,914,1979,1,1979,5,6950,CollgCr,1Story,HdBoard,134900
5,1040,2.0,484.0,1040.0,1040,1977,2,2008,5,8800,CollgCr,1Story,HdBoard,150500
5,864,1.0,336.0,864.0,864,1978,1,2005,6,7000,CollgCr,1Story,VinylSd,136500
5,1268,1.0,252.0,1268.0,1268,1977,1,1989,5,9286,CollgCr,1Story,HdBoard,143500
5,864,1.0,338.0,864.0,864,1972,1,1972,5,15523,CollgCr,1Story,HdBoard,133500
5,894,2.0,600.0,894.0,894,1972,1,1972,6,7200,CollgCr,1Story,MetalSd,123000
5,768,1.0,396.0,768.0,768,1972,1,2003,5,7200,CollgCr,SFoyer,WdShing,133900
5,768,2.0,396.0,768.0,768,1972,1,2007,5,8445,CollgCr,SFoyer,HdBoard,133000
7,1611,3.0,1231.0,1569.0,1611,2002,2,2002,6,11664,CollgCr,1Story,VinylSd,250000
8,2184,2.0,570.0,1068.0,1068,2003,2,2003,8,12334,CollgCr,2Story,VinylSd,254750
8,1788,2.0,522.0,1753.0,1788,2001,2,2001,7,11838,CollgCr,1Story,VinylSd,236500
8,1872,2.0,531.0,1299.0,1299,2001,2,2001,7,11885,CollgCr,2Story,VinylSd,261500
9,2153,3.0,736.0,1440.0,1476,2000,2,2000,8,11050,CollgCr,2Story,VinylSd,313000
7,1725,2.0,550.0,840.0,840,2002,2,2002,6,8749,CollgCr,2Story,VinylSd,198500
7,1870,2.0,608.0,944.0,944,2001,2,2001,6,11250,CollgCr,2Story,VinylSd,211000
8,1513,2.0,521.0,1462.0,1513,1999,2,2000,5,15750,CollgCr,1Story,VinylSd,220000
7,1504,2.0,478.0,1504.0,1504,1996,2,1996,6,11883,CollgCr,1Story,VinylSd,203000
8,1828,2.0,523.0,1822.0,1828,2002,2,2003,7,12782,CollgCr,1Story,HdBoard,279500
7,1417,2.0,511.0,1417.0,1417,1997,2,1998,7,8750,CollgCr,1Story,VinylSd,210000
7,2034,2.0,645.0,1057.0,1057,1997,2,1998,8,9375,CollgCr,2Story,VinylSd,219500
7,1716,2.0,512.0,880.0,909,1996,2,1996,7,8750,CollgCr,2Story,VinylSd,191000
7,1212,2.0,573.0,1212.0,1212,2001,2,2001,6,9100,CollgCr,1Story,VinylSd,178000
7,1630,2.0,451.0,1630.0,1630,2000,2,2001,6,9750,CollgCr,1Story,VinylSd,213000
6,848,2.0,420.0,848.0,848,2003,1,2004,4,4435,CollgCr,1Story,VinylSd,144000
6,848,2.0,420.0,848.0,848,2003,1,2003,4,4435,CollgCr,1Story,VinylSd,140000
8,1602,3.0,810.0,1578.0,1602,2007,2,2007,7,10200,CollgCr,1Story,VinylSd,293200
7,1728,2.0,572.0,864.0,864,2004,2,2004,7,9313,CollgCr,2Story,VinylSd,190000
7,1500,2.0,570.0,1500.0,1500,2004,2,2004,6,8487,CollgCr,1Story,VinylSd,190000
6,1476,2.0,540.0,738.0,738,2005,2,2005,7,8633,CollgCr,2Story,VinylSd,173500
6,1396,2.0,440.0,608.0,608,2007,2,2007,6,11069,CollgCr,2Story,VinylSd,170000
4,1126,2.0,520.0,0.0,1126,1949,2,2003,5,8777,Edwards,1Story,VinylSd,108000
5,1486,2.0,480.0,1486.0,1486,1964,1,1999,7,9937,Edwards,1Story,MetalSd,167000
4,816,1.0,288.0,816.0,816,1938,1,1958,3,8877,Edwards,1Story,MetalSd,100000
7,1922,2.0,672.0,0.0,495,2003,3,2003,7,7301,Edwards,SFoyer,HdBoard,198500
6,1426,2.0,440.0,690.0,698,1977,1,1977,6,7950,Edwards,2Story,HdBoard,159500
4,1149,1.0,544.0,1014.0,1149,1960,1,1971,7,10682,Edwards,1Story,HdBoard,127000
6,1125,1.0,352.0,1041.0,1125,1976,1,1976,6,7200,Edwards,SLvl,MetalSd,125000
9,1698,3.0,768.0,1698.0,1698,2007,2,2008,8,13286,Edwards,1Story,CemntBd,320000
6,1072,2.0,525.0,547.0,1072,2005,1,2006,5,3675,Edwards,SFoyer,VinylSd,145500
5,698,0.0,0.0,698.0,698,1947,1,2008,4,9405,Edwards,1Story,VinylSd,118000
4,876,1.0,320.0,876.0,876,1959,1,1959,5,6410,Edwards,1Story,AsbShng,85000
5,1368,1.0,195.0,1078.0,1368,1950,1,1950,6,11767,Edwards,1Story,MetalSd,120000
4,1529,1.0,240.0,0.0,1088,1945,2,1950,9,8405,Edwards,1.5Fin,WdShing,98000
5,864,0.0,0.0,864.0,864,1922,1,1950,4,4060,Edwards,1Story,Wd Sdng,99900
3,944,2.0,528.0,0.0,944,1952,1,1952,4,10206,Edwards,1Story,BrkComm,82000
5,1678,0.0,0.0,1678.0,1678,1959,2,1959,10,10926,Edwards,1Story,VinylSd,119900
5,1560,1.0,313.0,1150.0,1560,1956,1,1956,7,11767,Edwards,1Story,HdBoard,103500
4,960,1.0,288.0,672.0,960,1956,1,1956,5,8926,Edwards,1Story,AsbShng,112000
6,1196,2.0,528.0,684.0,684,1920,1,2000,7,12354,Edwards,1.5Fin,Wd Sdng,110000
5,1298,1.0,256.0,720.0,854,1941,1,1950,6,8212,Edwards,1.5Fin,Wd Sdng,122000
5,1604,2.0,660.0,984.0,984,1941,2,1960,6,10998,Edwards,1.5Fin,Wd Sdng,117000
5,1268,1.0,250.0,832.0,832,1938,1,1950,7,6300,SWISU,1.5Fin,MetalSd,160000
5,1520,1.0,281.0,793.0,848,1932,1,2000,6,4500,SWISU,1.5Fin,VinylSd,159434
2,438,1.0,246.0,290.0,438,1920,1,1950,3,8400,SWISU,1Story,Wd Sdng,60000
6,1489,1.0,240.0,778.0,944,1940,2,1950,7,9900,SWISU,1.5Fin,VinylSd,139500
7,3082,2.0,672.0,824.0,1687,1920,2,1970,12,15863,SWISU,2.5Fin,Wd Sdng,197000
6,1242,1.0,180.0,583.0,647,1935,1,1950,6,5707,SWISU,2Story,Wd Sdng,105000
4,1981,2.0,576.0,1122.0,1328,1928,2,1950,7,7804,SWISU,1.5Fin,WdShing,135000
6,1232,2.0,440.0,816.0,1232,1916,1,2000,6,8574,Crawfor,1Story,Stucco,147500
6,1608,1.0,216.0,976.0,1160,1925,2,1990,7,6171,SWISU,1.5Fin,WdShing,137450
7,1135,2.0,576.0,560.0,575,1936,1,2007,6,7200,SWISU,2Story,Wd Sdng,155000
6,1913,2.0,342.0,896.0,1172,1928,1,1950,9,7558,Crawfor,1.5Fin,BrkFace,177000
7,1477,1.0,216.0,861.0,877,1928,2,1950,6,6292,SWISU,1.5Fin,Wd Sdng,145000
7,1228,1.0,215.0,600.0,628,1918,1,1990,6,7155,Crawfor,2Story,Wd Sdng,137000
7,2080,1.0,282.0,1276.0,1276,1926,1,2004,9,10918,Crawfor,2Story,MetalSd,234000
5,1567,2.0,440.0,840.0,840,1940,1,1950,6,13680,Crawfor,1.5Fin,Wd Sdng,205000
6,1494,1.0,213.0,771.0,753,1942,1,1950,7,7500,Crawfor,2Story,Wd Sdng,177500
5,1308,1.0,256.0,728.0,976,1940,1,1950,7,9600,Crawfor,1.5Fin,MetalSd,160000
5,1273,1.0,307.0,1273.0,1273,1960,1,1960,5,14680,Crawfor,1Story,MetalSd,155000
5,964,2.0,432.0,876.0,964,1921,1,2006,5,13360,Crawfor,1Story,Wd Sdng,163500
5,1343,1.0,186.0,731.0,820,1921,1,1950,7,7681,Crawfor,1.5Fin,Wd Sdng,154900
7,2480,2.0,400.0,920.0,1240,1940,2,1950,13,8145,Crawfor,2.5Unf,Wd Sdng,205000
5,1112,1.0,390.0,1112.0,1112,1954,1,1954,6,9100,Crawfor,1Story,BrkFace,144800
7,1564,1.0,234.0,704.0,860,1941,1,1950,7,12000,Crawfor,2Story,MetalSd,174500
6,1561,2.0,463.0,1561.0,1561,1960,2,1960,6,13339,Crawfor,1Story,HdBoard,193000
5,1523,1.0,295.0,1067.0,986,1949,2,2005,7,15600,Crawfor,1.5Fin,BrkComm,158000
6,1152,1.0,300.0,1092.0,1152,1950,1,2004,6,14000,Crawfor,1Story,HdBoard,158500
6,1906,2.0,576.0,1310.0,1906,1954,1,1954,6,17500,Crawfor,1Story,HdBoard,224000
6,1032,2.0,452.0,516.0,516,1980,1,1980,5,1733,Blueste,2Story,MetalSd,115000
6,1229,2.0,462.0,561.0,561,1980,1,1992,5,1488,Blueste,2Story,MetalSd,137000
6,1229,2.0,462.0,561.0,561,1980,1,1980,5,1612,Blueste,2Story,MetalSd,121000
6,1229,2.0,462.0,561.0,561,1980,1,1980,5,1300,Blueste,2Story,MetalSd,124000
6,1982,2.0,501.0,572.0,1182,1986,2,1986,6,13607,Crawfor,SLvl,VinylSd,208000
7,2365,2.0,551.0,1803.0,2365,1971,2,2009,7,17597,Crawfor,1Story,BrkFace,315000
6,1680,2.0,540.0,880.0,1680,1988,2,2007,5,21695,Crawfor,1Story,Wd Sdng,222000
5,1344,1.0,468.0,672.0,672,1920,1,1997,6,10690,IDOTRR,2Story,VinylSd,147000
5,2168,2.0,576.0,760.0,928,1900,2,1993,11,8660,IDOTRR,2Story,AsbShng,123000
5,1192,1.0,189.0,596.0,596,1920,1,1950,6,6402,IDOTRR,2Story,Wd Sdng,78000
3,1526,0.0,0.0,1013.0,1013,1915,1,1982,6,8470,IDOTRR,1.5Fin,Plywood,85000
4,572,1.0,200.0,572.0,572,1925,1,1950,4,10200,IDOTRR,1Story,MetalSd,75000
8,1648,2.0,482.0,1596.0,1648,2007,2,2008,5,3843,Crawfor,1Story,CemntBd,230000
2,810,1.0,280.0,0.0,810,1910,1,1950,4,21780,IDOTRR,1Story,Wd Sdng,57625
8,2052,3.0,642.0,1107.0,1040,2000,2,2001,7,10125,Mitchel,2Story,CemntBd,251000
7,2149,2.0,670.0,1434.0,1518,2003,1,2003,6,12822,Mitchel,1.5Fin,VinylSd,239686
7,1710,2.0,550.0,1710.0,1710,2004,2,2005,7,12118,Mitchel,1Story,VinylSd,240000
6,1961,2.0,560.0,804.0,804,2001,2,2002,7,12209,Mitchel,2Story,VinylSd,215000
6,926,1.0,351.0,902.0,926,1977,1,1977,5,9750,Mitchel,SFoyer,Plywood,156450
6,1287,2.0,541.0,957.0,1287,1977,1,1977,5,9360,Mitchel,SFoyer,Plywood,173000
5,1734,2.0,539.0,0.0,1302,1977,2,1977,8,10125,Mitchel,1.5Fin,Plywood,126000
7,1217,2.0,497.0,1188.0,1217,1990,2,1991,6,9947,Mitchel,SLvl,HdBoard,173000
5,1595,2.0,672.0,1582.0,1595,1991,2,1991,5,11070,Mitchel,1Story,HdBoard,152000
6,1344,2.0,525.0,819.0,1344,1958,1,1958,7,14375,Timber,SLvl,HdBoard,137500
7,2036,2.0,513.0,2136.0,2036,1965,2,1965,8,215245,Timber,1Story,BrkFace,375000
9,1620,3.0,912.0,1620.0,1620,2007,2,2008,6,12898,Timber,1Story,VinylSd,315500
7,1692,2.0,650.0,846.0,846,2009,2,2009,6,13159,Timber,2Story,VinylSd,224500
9,2036,3.0,780.0,2190.0,2036,2008,2,2008,9,13438,Timber,1Story,CemntBd,410000
9,1641,3.0,885.0,1641.0,1641,2008,2,2008,7,14463,Timber,1Story,CemntBd,316500
8,1466,3.0,610.0,1466.0,1466,2007,2,2007,7,8925,Timber,1Story,VinylSd,201000
6,1412,2.0,576.0,1392.0,1412,1988,2,1988,6,11457,Timber,1Story,HdBoard,175000
6,2237,2.0,440.0,712.0,1375,1980,2,2006,7,9839,Timber,2Story,MetalSd,204000
7,1479,2.0,578.0,1645.0,1479,1987,2,1989,7,14419,Timber,SLvl,Plywood,213500
8,1296,2.0,471.0,1267.0,1296,2001,2,2002,6,6853,Timber,1Story,VinylSd,220000
7,2014,2.0,486.0,912.0,1072,2003,2,2003,9,9157,Timber,2Story,VinylSd,170000
9,1838,3.0,765.0,1838.0,1838,2006,2,2006,8,14601,Timber,1Story,VinylSd,315000
9,1978,3.0,920.0,1978.0,1978,2007,2,2007,7,12633,Timber,1Story,CemntBd,425000
5,1008,1.0,384.0,1008.0,1008,1968,1,1968,6,12518,Mitchel,1Story,HdBoard,139500
5,1771,2.0,336.0,0.0,1771,1960,1,2006,9,21750,Mitchel,1Story,HdBoard,115000
6,1204,2.0,412.0,1204.0,1204,1998,2,1998,5,4500,Mitchel,1Story,VinylSd,162000
6,1224,2.0,402.0,1224.0,1224,1999,2,1999,5,4500,Mitchel,1Story,VinylSd,165000
4,988,1.0,297.0,462.0,526,1973,1,1973,5,1596,MeadowV,SLvl,CemntBd,91000
5,874,1.0,288.0,864.0,874,1968,1,1968,5,9858,Mitchel,1Story,HdBoard,130000
4,630,1.0,286.0,630.0,630,1970,1,2002,3,1526,MeadowV,SFoyer,CemntBd,86000
5,1404,2.0,504.0,1188.0,1404,1969,2,2000,7,13383,Mitchel,1Story,HdBoard,160000
4,630,1.0,286.0,630.0,630,1970,1,1970,3,1477,MeadowV,SFoyer,CemntBd,80000
4,1344,0.0,0.0,546.0,798,1970,1,2008,6,1533,MeadowV,2Story,CemntBd,97000
4,1092,1.0,286.0,546.0,546,1970,1,1970,6,2217,MeadowV,2Story,CemntBd,88000
5,796,1.0,336.0,796.0,796,1972,1,1972,4,7689,Mitchel,SFoyer,MetalSd,131900
6,1091,1.0,429.0,384.0,1091,1993,1,1996,5,7706,Mitchel,SLvl,HdBoard,131250
5,1110,2.0,602.0,1097.0,1110,1978,1,1978,4,9101,Mitchel,SFoyer,Plywood,165500
5,833,0.0,0.0,833.0,833,1985,1,1985,5,8780,Mitchel,1Story,HdBoard,112000
5,883,2.0,698.0,828.0,883,1992,1,1993,5,7669,Mitchel,SFoyer,HdBoard,149000
5,1362,2.0,480.0,796.0,796,1993,1,1995,5,14115,Mitchel,1.5Fin,VinylSd,143000
5,1287,2.0,440.0,624.0,624,1992,1,1992,6,10429,Mitchel,2Story,HdBoard,130000
6,1567,2.0,714.0,1567.0,1567,1977,2,1977,5,9819,Mitchel,1Story,Plywood,196000
5,1632,2.0,898.0,784.0,784,1969,1,1969,7,10457,Mitchel,2Story,VinylSd,173000
6,1414,2.0,601.0,1184.0,1414,1958,1,2002,6,11029,NAmes,1Story,MetalSd,176500
6,2117,2.0,550.0,1205.0,2117,1970,2,1970,7,12925,NAmes,1Story,BrkFace,237500
6,2112,2.0,576.0,952.0,1092,1969,2,1969,9,11075,NAmes,2Story,HdBoard,206900
6,1604,2.0,470.0,926.0,926,1997,2,1998,7,8702,Gilbert,2Story,VinylSd,187500
6,1470,2.0,420.0,680.0,680,1995,2,1996,7,8139,Gilbert,2Story,VinylSd,165000
6,1604,2.0,472.0,926.0,926,1998,2,1998,7,9535,Gilbert,2Story,VinylSd,195500
6,1638,2.0,472.0,943.0,943,1998,2,1998,7,9042,Gilbert,2Story,VinylSd,192000
6,1636,2.0,386.0,916.0,916,1996,2,1996,7,15038,Gilbert,2Story,HdBoard,173000
5,1384,2.0,404.0,1348.0,1384,1996,2,1997,7,14137,Gilbert,1Story,HdBoard,177900
7,1446,2.0,406.0,729.0,729,1996,2,1997,6,21872,Gilbert,2Story,HdBoard,175000
8,1593,2.0,682.0,1593.0,1593,2001,1,2002,5,4923,StoneBr,1Story,CemntBd,286000
8,1682,2.0,528.0,1664.0,1682,1997,1,1997,6,6264,StoneBr,1Story,CemntBd,247900
8,1337,2.0,462.0,1337.0,1337,1993,2,1993,5,5395,StoneBr,1Story,HdBoard,180000
8,1280,2.0,506.0,1280.0,1280,1992,2,1992,5,5070,StoneBr,1Story,HdBoard,180000
6,1604,2.0,470.0,926.0,926,1997,2,1998,7,10839,Gilbert,2Story,VinylSd,181000
6,1633,2.0,460.0,932.0,932,1998,2,1998,7,11184,Gilbert,2Story,VinylSd,183000
6,1658,2.0,431.0,773.0,773,1995,2,1996,8,8000,Gilbert,2Story,HdBoard,188000
7,1895,2.0,409.0,712.0,1086,1994,2,1996,7,10832,Gilbert,2Story,MetalSd,194500
6,1709,2.0,416.0,836.0,851,1991,2,1991,7,14067,Gilbert,2Story,HdBoard,185000
8,1228,2.0,472.0,1228.0,1228,1988,2,1989,5,4671,StoneBr,1Story,HdBoard,189000
8,1337,2.0,462.0,1337.0,1337,1989,2,1989,5,5950,StoneBr,1Story,HdBoard,188500
8,2500,3.0,683.0,1168.0,1168,2005,3,2005,9,13543,StoneBr,2Story,VinylSd,355000
9,2504,3.0,656.0,1122.0,1134,2005,2,2007,11,11198,StoneBr,2Story,VinylSd,325000
9,1884,3.0,670.0,1884.0,1884,2004,2,2004,7,15401,StoneBr,1Story,VinylSd,387000
6,1474,2.0,495.0,1632.0,1474,1952,1,1952,7,31220,Gilbert,1Story,BrkFace,115000
9,1710,2.0,557.0,1710.0,1710,2007,2,2007,6,8118,StoneBr,1Story,MetalSd,334000
6,1488,2.0,738.0,1488.0,1488,1950,2,1950,6,47280,Gilbert,1Story,AsbShng,133000
7,2093,2.0,542.0,791.0,1236,1986,2,1991,7,20544,NWAmes,2Story,Plywood,215000
7,1688,2.0,528.0,1675.0,1688,1988,2,1988,6,12680,NWAmes,1Story,Plywood,226500
6,1422,2.0,576.0,1422.0,1422,1981,2,1981,7,12090,NWAmes,1Story,MetalSd,175500
7,1260,2.0,598.0,1260.0,1260,1983,2,1983,6,10825,NWAmes,1Story,WdShing,181900
7,2064,2.0,550.0,2048.0,2064,1978,2,1978,7,18559,NWAmes,1Story,Plywood,235000
7,1782,2.0,551.0,1782.0,1782,1979,2,1979,6,14450,NWAmes,1Story,Plywood,220000
6,2872,2.0,619.0,1330.0,1542,1977,2,1995,11,12227,NWAmes,2Story,HdBoard,272000
6,1211,2.0,461.0,1211.0,1211,1976,2,1976,6,13068,NWAmes,1Story,HdBoard,161000
5,1126,2.0,540.0,1126.0,1126,1977,2,1977,6,15611,NWAmes,1Story,VinylSd,175000
7,2044,2.0,489.0,738.0,1277,1980,2,1988,7,10400,NWAmes,2Story,HdBoard,185000
5,1308,2.0,484.0,720.0,720,1969,1,1969,7,9743,NWAmes,2Story,VinylSd,146900
7,2840,4.0,1314.0,1420.0,1420,1978,2,1978,8,12511,NWAmes,2Story,Plywood,292500
6,1523,2.0,478.0,1193.0,1523,1976,2,1976,7,11361,NWAmes,1Story,Plywood,180000
6,1444,2.0,473.0,1444.0,1444,1976,2,1976,5,10400,NWAmes,1Story,HdBoard,159900
7,1964,2.0,483.0,803.0,1098,1976,2,1976,8,10480,NWAmes,2Story,Plywood,205000
5,1178,2.0,439.0,1176.0,1178,1973,1,2000,5,10000,NWAmes,1Story,HdBoard,157000
8,2340,3.0,787.0,1236.0,1236,1996,2,1996,9,14311,NWAmes,2Story,VinylSd,306000
5,1792,2.0,480.0,896.0,896,1974,2,1974,8,9000,NAmes,2Story,VinylSd,133000
6,1054,2.0,460.0,1054.0,1054,1969,1,1969,6,9750,NAmes,1Story,HdBoard,151000
4,936,1.0,288.0,936.0,936,1969,1,1969,4,10295,NAmes,1Story,HdBoard,111900
5,864,2.0,576.0,864.0,864,1971,1,1971,5,7560,NAmes,1Story,MetalSd,123000
4,864,2.0,576.0,864.0,864,1972,1,1972,5,12735,NAmes,1Story,MetalSd,111250
6,1337,2.0,511.0,1405.0,1337,1998,2,1999,5,4060,NAmes,1Story,MetalSd,181000
6,987,1.0,264.0,483.0,483,1973,1,1973,5,1680,BrDale,2Story,HdBoard,103400
6,987,1.0,264.0,483.0,483,1973,1,1973,5,1680,BrDale,2Story,HdBoard,100000
6,987,1.0,352.0,483.0,483,1972,1,1972,5,1890,BrDale,2Story,HdBoard,100500
6,987,1.0,280.0,483.0,483,1970,1,1970,5,1869,BrDale,2Story,HdBoard,106000
6,987,1.0,264.0,483.0,483,1971,1,1971,4,1680,BrDale,2Story,HdBoard,85400
6,987,1.0,264.0,483.0,483,1971,1,1971,5,1680,BrDale,2Story,HdBoard,89500
5,1302,1.0,264.0,630.0,630,1972,2,1972,6,1680,BrDale,2Story,HdBoard,111750
6,1069,2.0,440.0,1069.0,1069,1977,2,1977,4,4043,NPkVill,1Story,Plywood,140000
6,1456,2.0,460.0,855.0,855,1975,2,1975,7,2308,NPkVill,2Story,Plywood,143000
7,1055,2.0,440.0,1055.0,1055,1977,2,1977,4,2529,NPkVill,1Story,Plywood,148500
5,892,1.0,264.0,864.0,892,1966,1,1966,5,9477,NAmes,1Story,HdBoard,110000
8,1932,3.0,774.0,1932.0,1932,2008,2,2008,7,12444,NridgHt,1Story,VinylSd,394617
10,2332,3.0,846.0,1682.0,1742,2007,2,2008,9,12474,NridgHt,2Story,VinylSd,426000
10,2084,3.0,1220.0,2078.0,2084,2007,2,2008,7,14803,NridgHt,1Story,CemntBd,385000
9,2713,3.0,858.0,1452.0,1476,2008,2,2008,11,14948,NridgHt,2Story,VinylSd,446261
8,1582,3.0,905.0,1582.0,1582,2007,2,2007,7,12704,NridgHt,1Story,VinylSd,317500
8,1710,3.0,866.0,1710.0,1710,2007,2,2008,6,13891,NridgHt,1Story,VinylSd,372402
8,2464,3.0,650.0,2418.0,2464,2007,2,2007,9,13693,NridgHt,1Story,VinylSd,417500
9,1950,3.0,706.0,1950.0,1950,2007,2,2007,7,14418,NridgHt,1Story,VinylSd,383000
9,2748,3.0,850.0,1850.0,1850,2006,2,2006,9,13418,NridgHt,2Story,VinylSd,390000
10,2790,4.0,1150.0,1620.0,1632,2005,2,2006,10,12539,NridgHt,2Story,CemntBd,460000
9,2331,3.0,1003.0,1414.0,1414,2005,2,2005,9,12151,NridgHt,2Story,CemntBd,379000
8,2088,3.0,656.0,948.0,948,2007,2,2007,10,8899,NridgHt,2Story,VinylSd,250000
8,2332,3.0,756.0,1148.0,1170,2004,2,2004,9,10574,NridgHt,2Story,VinylSd,316000
10,2470,3.0,789.0,2535.0,2470,2003,1,2003,7,12720,NridgHt,1Story,MetalSd,615000
9,2668,3.0,726.0,1572.0,1572,2003,2,2004,10,13688,NridgHt,2Story,VinylSd,412500
7,2046,3.0,871.0,998.0,1006,2003,2,2004,8,10625,NridgHt,2Story,VinylSd,284000
8,1575,3.0,732.0,1603.0,1575,2003,2,2004,7,10845,NridgHt,1Story,VinylSd,284000
8,2649,3.0,746.0,1479.0,1515,2001,2,2002,10,16900,NridgHt,2Story,VinylSd,421250
8,2690,3.0,795.0,1765.0,1804,2003,2,2003,9,16451,NridgHt,2Story,VinylSd,370000
9,1866,3.0,870.0,1858.0,1866,2008,2,2008,7,10110,NridgHt,1Story,MetalSd,336860
9,1702,3.0,1052.0,1702.0,1702,2008,1,2008,7,8769,NridgHt,1Story,MetalSd,367294
7,1367,2.0,484.0,1367.0,1367,2005,2,2005,6,12304,NridgHt,1Story,VinylSd,192000
8,1518,2.0,588.0,1518.0,1518,2003,1,2004,6,12677,NridgHt,1Story,MetalSd,274000
9,1684,2.0,564.0,1684.0,1684,2005,2,2005,6,8849,NridgHt,1Story,MetalSd,266000
9,1800,3.0,944.0,1800.0,1800,2007,2,2008,6,8232,NridgHt,1Story,MetalSd,370967
8,1342,2.0,550.0,1342.0,1342,2006,2,2007,6,6240,NridgHt,1Story,MetalSd,234250
8,1342,2.0,550.0,1342.0,1342,2006,2,2007,6,6240,NridgHt,1Story,MetalSd,219500
7,1626,2.0,474.0,764.0,764,2003,2,2004,6,2448,NridgHt,2Story,VinylSd,155000
7,1626,2.0,474.0,764.0,764,2003,2,2004,6,2448,NridgHt,2Story,VinylSd,154000
7,1358,2.0,484.0,1358.0,1358,2004,2,2004,6,8198,NridgHt,1Story,VinylSd,207000
7,1455,3.0,644.0,1415.0,1455,2003,2,2003,6,3940,Blmngtn,1Story,VinylSd,195000
7,1576,3.0,668.0,1393.0,1576,2004,2,2004,7,3940,Blmngtn,1Story,VinylSd,219990
7,1504,2.0,437.0,1346.0,1504,2005,2,2006,7,3182,Blmngtn,1Story,VinylSd,191000
7,1266,2.0,388.0,1266.0,1266,2007,2,2007,6,3182,Blmngtn,1Story,VinylSd,159895
7,1246,2.0,428.0,1146.0,1246,2007,2,2008,5,3710,Blmngtn,1Story,WdShing,187687
6,1515,2.0,393.0,789.0,813,2004,2,2004,8,9024,Gilbert,2Story,VinylSd,179000
6,1593,2.0,398.0,839.0,864,2004,2,2004,8,7415,Gilbert,2Story,VinylSd,193000
7,1166,2.0,400.0,856.0,1166,2005,2,2005,5,9587,Gilbert,SLvl,VinylSd,190000
6,1456,2.0,400.0,728.0,728,2005,2,2005,8,8029,Gilbert,2Story,VinylSd,176000
7,1720,2.0,400.0,840.0,840,2002,2,2003,7,8010,Gilbert,2Story,VinylSd,188000
7,1986,2.0,434.0,847.0,847,2003,2,2003,9,8396,Gilbert,2Story,VinylSd,213000
7,1358,2.0,484.0,1350.0,1358,2007,2,2008,6,7301,NridgHt,1Story,VinylSd,217300
6,1792,2.0,451.0,936.0,962,2000,2,2000,8,10261,Gilbert,2Story,VinylSd,186500
7,1892,2.0,431.0,982.0,1008,2000,2,2001,8,8220,Gilbert,2Story,VinylSd,226750
7,1490,2.0,388.0,788.0,788,2004,2,2005,8,15384,Gilbert,2Story,VinylSd,184000
7,1414,2.0,403.0,707.0,707,2002,2,2002,6,7750,Gilbert,2Story,VinylSd,176000
7,2322,2.0,400.0,1037.0,1037,1999,2,2000,8,12460,Gilbert,2Story,VinylSd,225000
7,1651,2.0,450.0,831.0,873,1999,2,1999,7,8390,Gilbert,2Story,VinylSd,185900
8,2199,2.0,516.0,1173.0,1182,1997,2,1997,9,9660,NoRidge,2.5Unf,HdBoard,284500
8,2630,3.0,696.0,1470.0,1470,1998,2,1998,8,9200,NoRidge,2Story,VinylSd,315000
8,2198,3.0,836.0,1145.0,1145,2000,2,2000,9,14260,NoRidge,2Story,VinylSd,250000
9,2172,3.0,687.0,1519.0,1533,2000,2,2000,8,11000,NoRidge,2Story,VinylSd,291000
8,2006,3.0,938.0,1982.0,2006,1998,2,1998,5,11675,NoRidge,1Story,VinylSd,350000
7,2125,2.0,576.0,1064.0,1064,1996,2,1997,12,10990,NoRidge,2Story,VinylSd,279500
8,2501,3.0,751.0,1242.0,1251,1995,2,1995,9,11929,NoRidge,2Story,VinylSd,290000
8,2113,3.0,839.0,2109.0,2113,1995,2,1995,7,10437,NoRidge,1Story,MetalSd,350000
7,2418,3.0,983.0,1311.0,1325,1993,2,1994,9,10542,NoRidge,2Story,Wd Sdng,341000
7,2197,3.0,783.0,1080.0,1108,1993,2,1994,9,10010,NoRidge,2Story,VinylSd,287500
7,2127,2.0,525.0,1223.0,1223,1994,2,1994,5,10944,NoRidge,2Story,VinylSd,271000
8,1987,2.0,691.0,1986.0,1987,1994,2,1994,7,14303,NoRidge,1Story,HdBoard,301500
8,1580,3.0,830.0,1580.0,1580,2007,2,2008,7,11932,Somerst,1Story,VinylSd,235128
6,1933,3.0,668.0,894.0,894,2007,2,2007,9,14598,Somerst,2Story,VinylSd,214000
8,1574,3.0,824.0,1574.0,1574,2006,2,2006,7,11957,Somerst,1Story,VinylSd,232000
7,1578,3.0,642.0,1578.0,1578,2006,2,2006,7,13253,Somerst,1Story,VinylSd,240000
9,1506,2.0,592.0,1498.0,1506,2008,2,2008,6,14587,Somerst,1Story,VinylSd,264132
8,1563,3.0,758.0,1563.0,1563,2007,2,2007,6,10206,Somerst,1Story,VinylSd,245000
7,1428,2.0,554.0,1417.0,1428,2008,2,2008,6,12274,Somerst,1Story,VinylSd,227680
8,1861,3.0,851.0,1341.0,1341,2007,3,2007,7,9801,Somerst,2Story,VinylSd,257000
8,1874,3.0,880.0,955.0,955,2007,2,2008,8,9428,Somerst,2Story,VinylSd,297900
8,1460,2.0,480.0,1460.0,1460,2006,2,2007,6,10037,Somerst,1Story,VinylSd,247000
8,1372,2.0,588.0,1363.0,1372,2007,2,2008,6,8640,Somerst,1Story,VinylSd,212700
7,1372,2.0,529.0,1372.0,1372,2007,2,2008,6,8640,Somerst,1Story,VinylSd,250580
7,1428,2.0,480.0,1428.0,1428,2007,2,2008,6,11639,Somerst,1Story,CemntBd,182000
7,1768,2.0,603.0,866.0,866,2005,2,2005,7,9803,Somerst,2Story,VinylSd,226700
8,1992,2.0,648.0,1053.0,1053,2003,2,2004,9,9375,Somerst,2Story,VinylSd,250000
7,1958,3.0,936.0,1026.0,1026,2005,2,2005,9,10625,Somerst,2Story,CemntBd,250000
8,2078,3.0,836.0,1034.0,1050,2007,2,2008,8,10800,Somerst,2Story,VinylSd,339750
7,1665,2.0,562.0,813.0,822,2007,2,2007,7,8125,Somerst,2Story,CemntBd,205950
8,1660,3.0,660.0,1660.0,1660,2007,2,2007,7,10625,Somerst,1Story,VinylSd,256000
7,1218,2.0,462.0,1218.0,1218,2007,2,2008,6,7500,Somerst,1Story,CemntBd,230348
6,1728,2.0,673.0,864.0,864,2003,2,2003,7,8791,Somerst,2Story,VinylSd,207500
7,1080,0.0,0.0,1080.0,1080,2004,1,2005,6,7500,SawyerW,1Story,VinylSd,141000
6,1696,2.0,542.0,835.0,835,2003,2,2003,7,10110,SawyerW,2Story,VinylSd,188000
7,1663,2.0,478.0,835.0,835,2003,2,2004,8,12774,SawyerW,2Story,VinylSd,192500
6,1175,0.0,0.0,1175.0,1175,2005,1,2006,6,13072,SawyerW,1Story,VinylSd,146000
5,1114,2.0,576.0,1114.0,1114,2004,1,2004,6,13695,SawyerW,1Story,VinylSd,159000
6,1114,2.0,576.0,1114.0,1114,2003,1,2004,6,13695,SawyerW,1Story,VinylSd,155000
6,1640,2.0,520.0,798.0,798,2004,2,2004,6,8366,SawyerW,2Story,VinylSd,173000
7,1162,2.0,483.0,1162.0,1162,2007,2,2007,6,9260,SawyerW,1Story,VinylSd,170000
6,1609,2.0,525.0,754.0,754,1995,2,1995,6,8453,SawyerW,2Story,VinylSd,182000
6,1680,2.0,474.0,886.0,886,1993,2,1994,7,8480,SawyerW,2Story,HdBoard,163000
6,1679,2.0,575.0,1408.0,1679,1994,2,1998,7,8125,SawyerW,1Story,HdBoard,193500
7,1657,2.0,483.0,832.0,832,1994,2,1995,6,14565,SawyerW,2Story,VinylSd,189000
6,1677,2.0,627.0,827.0,827,2001,2,2001,7,8450,SawyerW,2Story,VinylSd,190500
7,1737,2.0,506.0,836.0,844,1992,2,1992,7,8285,SawyerW,2Story,HdBoard,175000
6,1294,2.0,496.0,1278.0,1294,1991,2,1991,6,7153,SawyerW,1Story,HdBoard,179200
6,1710,2.0,506.0,832.0,832,1993,2,1993,7,9291,SawyerW,2Story,HdBoard,187000
6,1617,2.0,533.0,1604.0,1617,1993,2,1994,5,8012,SawyerW,1Story,Plywood,193000
6,1199,2.0,530.0,1199.0,1199,1993,2,1993,5,7892,SawyerW,1Story,Plywood,153900
5,984,1.0,384.0,984.0,984,1963,1,1963,5,9100,Sawyer,1Story,Wd Sdng,128000
5,912,1.0,352.0,912.0,912,1962,1,1962,4,12968,Sawyer,1Story,HdBoard,144000
5,864,1.0,420.0,864.0,864,1961,1,2007,5,8100,Sawyer,1Story,Wd Sdng,135000
5,890,1.0,308.0,890.0,890,1968,1,1968,5,8450,Sawyer,1Story,HdBoard,115000
5,864,1.0,276.0,864.0,864,1963,1,1963,5,6360,Sawyer,1Story,Wd Sdng,119916
6,912,1.0,288.0,912.0,912,1961,1,1996,5,6768,Sawyer,1Story,HdBoard,142000
6,1430,2.0,484.0,1430.0,1430,1974,2,1974,6,19508,Veenker,1Story,HdBoard,192000
5,1641,2.0,490.0,1001.0,1001,1972,2,1972,5,10759,Sawyer,1.5Fin,HdBoard,140000
6,2683,2.0,473.0,930.0,1364,1990,2,1991,9,9205,NoRidge,2Story,HdBoard,290000
9,2786,2.0,636.0,1848.0,1827,1993,2,1994,10,11025,NoRidge,1.5Fin,Wd Sdng,372500
7,1391,2.0,530.0,1391.0,1391,2004,2,2004,5,4282,Somerst,1Story,MetalSd,196000
7,1250,2.0,625.0,625.0,625,2006,2,2007,5,4017,Somerst,2Story,MetalSd,171900
7,1245,2.0,495.0,1235.0,1245,2004,2,2005,5,3435,Somerst,1Story,MetalSd,178000
6,1200,2.0,480.0,600.0,600,2005,2,2005,5,3180,Somerst,2Story,MetalSd,165000
7,1392,2.0,540.0,689.0,703,2007,2,2007,5,3180,Somerst,2Story,VinylSd,146000
7,1392,2.0,540.0,689.0,703,2007,2,2007,5,3604,Somerst,2Story,VinylSd,146000
7,1501,2.0,440.0,744.0,757,1999,2,1999,6,2280,Somerst,2Story,MetalSd,179400
6,1549,2.0,440.0,744.0,757,1999,2,1999,6,2280,Somerst,2Story,MetalSd,172900
9,1638,2.0,495.0,1614.0,1638,2000,2,2000,5,4765,Somerst,1Story,MetalSd,300000
9,1310,2.0,545.0,1310.0,1310,2001,1,2001,5,4538,Somerst,1Story,VinylSd,285000
9,1419,2.0,588.0,1419.0,1419,2001,1,2001,5,4385,Somerst,1Story,VinylSd,290000
9,1557,2.0,484.0,1557.0,1557,1999,2,2000,5,4109,Somerst,1Story,VinylSd,305000
9,1709,2.0,506.0,1698.0,1709,1999,2,2000,5,5119,Somerst,1Story,MetalSd,328900
7,1252,2.0,462.0,600.0,624,1999,2,2000,4,2160,Somerst,2Story,MetalSd,160000
7,1404,2.0,462.0,672.0,684,1999,2,2000,5,2160,Somerst,SLvl,VinylSd,170000
7,1789,2.0,546.0,858.0,872,2001,2,2001,7,10646,Somerst,2Story,VinylSd,223000
8,1586,2.0,480.0,960.0,962,1999,2,1999,7,2645,Somerst,2Story,MetalSd,170000
8,1607,2.0,480.0,960.0,962,1999,2,2000,7,2645,Somerst,2Story,MetalSd,200000
10,2393,2.0,846.0,970.0,1469,1998,2,1999,7,3951,Somerst,2Story,BrkFace,345000
8,1288,2.0,500.0,1260.0,1288,1996,1,1996,4,14963,Veenker,1Story,BrkFace,245500
8,1239,2.0,477.0,1230.0,1239,1995,1,1995,4,11064,Veenker,1Story,BrkFace,217500
8,1719,2.0,473.0,1719.0,1719,1993,1,1993,6,10846,Veenker,1Story,BrkFace,324000
6,1232,2.0,516.0,1232.0,1232,1984,2,1984,6,11120,Veenker,1Story,Plywood,162500
9,2944,3.0,864.0,994.0,1599,1977,2,1977,9,24572,Veenker,2Story,Wd Sdng,150000
8,1671,2.0,550.0,1426.0,1671,1976,3,2007,6,16280,Veenker,1Story,VinylSd,290000
7,1812,2.0,469.0,952.0,952,2002,2,2002,7,7500,Somerst,2Story,VinylSd,205000
7,1682,2.0,530.0,1304.0,1682,1970,2,1970,7,10400,NWAmes,1Story,Plywood,174000
6,1427,2.0,516.0,1427.0,1427,1969,2,1969,7,11104,NWAmes,SLvl,MetalSd,183000
6,1740,2.0,512.0,1740.0,1740,1968,1,1968,8,11050,NWAmes,1Story,HdBoard,150000
6,1258,2.0,528.0,1258.0,1258,1971,2,2004,5,11040,NWAmes,1Story,VinylSd,145000
7,1620,2.0,578.0,1620.0,1620,1967,2,1967,8,15387,NWAmes,1Story,Plywood,215000
5,1625,2.0,484.0,1625.0,1625,1965,2,1965,8,9750,NWAmes,1Story,MetalSd,140500
6,2614,2.0,624.0,1522.0,1548,1974,2,1997,9,10800,NWAmes,2Story,HdBoard,240000
5,1464,2.0,470.0,732.0,732,1968,1,1968,7,8814,NAmes,2Story,MetalSd,141000
5,912,2.0,576.0,912.0,912,1965,1,2008,5,8872,NAmes,1Story,VinylSd,147000
5,925,2.0,576.0,912.0,925,1965,1,2005,5,8125,NAmes,1Story,HdBoard,135000
5,1728,2.0,576.0,1728.0,1728,1965,2,1965,10,11072,NAmes,1Story,HdBoard,145000
5,1728,2.0,576.0,1728.0,1728,1965,2,1965,10,13101,NAmes,1Story,HdBoard,142600
5,1656,2.0,506.0,1656.0,1656,1973,2,1973,8,9246,NWAmes,1Story,Plywood,135000
7,1670,2.0,464.0,825.0,845,1971,1,1971,7,13355,NWAmes,2Story,HdBoard,170000
8,2715,2.0,831.0,1142.0,1175,1976,3,1996,11,8963,NWAmes,2Story,VinylSd,299800
6,1876,2.0,540.0,901.0,943,1974,2,1974,8,9120,NWAmes,2Story,HdBoard,185000
6,1632,2.0,484.0,800.0,800,1966,1,2000,7,9130,NWAmes,2Story,HdBoard,173000
7,999,2.0,588.0,944.0,999,1961,1,2007,6,12122,NAmes,SFoyer,CemntBd,178400
7,1978,2.0,486.0,832.0,1098,1968,2,1968,9,9900,NWAmes,2Story,MetalSd,176000
5,1014,1.0,267.0,0.0,1014,1956,1,1956,6,7785,NAmes,1Story,HdBoard,98000
4,907,1.0,352.0,907.0,907,1957,1,1957,5,8593,NAmes,1Story,MetalSd,109008
4,952,1.0,283.0,952.0,952,1956,1,1956,4,8475,NAmes,1Story,VinylSd,135750
5,1128,2.0,525.0,1120.0,1128,1963,2,1963,6,8700,NAmes,1Story,MetalSd,155000
6,1425,2.0,576.0,1425.0,1425,1964,2,1964,7,10175,NAmes,1Story,HdBoard,180500
6,1165,2.0,490.0,1127.0,1165,1966,1,1966,6,9020,NAmes,SLvl,HdBoard,174900
6,1136,1.0,384.0,1136.0,1136,1965,1,1965,5,9200,NAmes,1Story,HdBoard,140000
6,1092,2.0,504.0,1092.0,1092,1964,1,1964,6,8250,NAmes,1Story,HdBoard,145000
5,1265,2.0,502.0,1219.0,1265,1965,2,1999,6,9350,NAmes,SLvl,BrkFace,179900
6,1350,2.0,520.0,1248.0,1350,1964,1,1964,6,9020,NAmes,SLvl,Plywood,168500
5,1114,2.0,451.0,1114.0,1114,1961,1,1961,5,9900,NAmes,1Story,Plywood,140000
5,1053,1.0,312.0,1053.0,1053,1959,1,2006,5,10007,NAmes,1Story,HdBoard,145500
6,1252,2.0,528.0,1252.0,1252,1959,1,1959,7,10721,NAmes,1Story,HdBoard,142000
4,1100,1.0,312.0,1100.0,1100,1960,1,1960,6,12493,NAmes,1Story,Wd Sdng,141000
5,1118,1.0,264.0,1118.0,1118,1960,1,2000,6,11332,NAmes,1Story,Wd Sdng,153000
3,720,1.0,287.0,0.0,720,1949,1,1950,4,6627,BrkSide,1Story,VinylSd,72500
3,729,0.0,0.0,270.0,729,1935,1,2003,5,4130,BrkSide,1Story,VinylSd,52000
5,1077,1.0,205.0,991.0,1077,1939,1,1950,5,7420,BrkSide,1.5Unf,MetalSd,118000
4,906,1.0,231.0,348.0,453,1937,1,1950,5,4882,BrkSide,2Story,MetalSd,87000
5,1496,2.0,450.0,1296.0,1496,1960,2,1960,6,9600,NAmes,1Story,MetalSd,141500
6,1252,1.0,288.0,1032.0,1032,1950,1,1950,6,9600,NAmes,1.5Fin,VinylSd,119000
5,1337,1.0,264.0,572.0,1337,1950,1,2006,7,9600,NAmes,1Story,HdBoard,141500
6,1661,1.0,377.0,992.0,1661,1955,1,1996,8,9600,NAmes,SLvl,AsbShng,165500
5,1036,1.0,312.0,1036.0,1036,1953,1,1953,5,7584,NAmes,1Story,Wd Sdng,112900
7,1820,2.0,492.0,864.0,902,1965,1,1988,8,13700,NAmes,2Story,VinylSd,201800
6,1362,2.0,504.0,1362.0,1362,1961,1,1961,6,10197,NAmes,1Story,WdShing,163000
5,1144,2.0,456.0,1144.0,1144,1961,1,1961,6,7875,NAmes,1Story,VinylSd,139950
6,1537,2.0,462.0,1319.0,1537,1962,1,2005,7,8400,NAmes,1Story,Wd Sdng,174000
6,1431,1.0,296.0,1099.0,1431,1962,1,1962,6,9150,NAmes,SLvl,Plywood,165000
6,1988,2.0,480.0,1104.0,1104,1966,2,1999,9,14670,NAmes,2Story,VinylSd,227000
5,1098,1.0,260.0,1098.0,1098,1955,1,1955,6,7390,NAmes,1Story,Wd Sdng,135000
5,1144,1.0,336.0,1144.0,1144,1963,1,1963,6,9204,NAmes,1Story,HdBoard,124000
5,1283,2.0,506.0,931.0,1283,1962,1,1980,6,7763,NAmes,1Story,MetalSd,140000
5,1176,1.0,292.0,1176.0,1176,1957,1,1957,6,8856,NAmes,1Story,Wd Sdng,136500
5,1440,1.0,480.0,1248.0,1440,1959,2,1998,7,9840,NAmes,1Story,HdBoard,185000
6,1261,2.0,433.0,1261.0,1261,1958,1,1958,6,9120,NAmes,1Story,MetalSd,163000
6,1570,2.0,441.0,1395.0,1570,1958,1,1958,5,13200,NAmes,1Story,Wd Sdng,166800
6,1196,1.0,297.0,1196.0,1196,1956,1,1956,6,9000,NAmes,1Story,Wd Sdng,139000
6,1392,2.0,458.0,1392.0,1392,1957,1,1957,6,11900,NAmes,1Story,HdBoard,166000
6,1080,1.0,288.0,1080.0,1080,1958,1,1958,5,9464,NAmes,1Story,MetalSd,136000
5,1104,1.0,384.0,1104.0,1104,1956,1,1958,5,10425,NAmes,1Story,MetalSd,133000
5,882,1.0,240.0,720.0,882,1952,1,1952,4,11556,NAmes,1Story,MetalSd,116000
5,1152,2.0,636.0,1152.0,1152,1953,1,1953,6,9373,NAmes,1Story,MetalSd,137500
5,950,2.0,400.0,984.0,950,1953,1,1953,5,12774,NAmes,1Story,MetalSd,130000
6,1790,2.0,540.0,998.0,1790,1957,2,1957,6,14250,NAmes,1Story,Plywood,180000
5,952,2.0,840.0,952.0,952,1951,1,1951,4,7350,NAmes,1Story,HdBoard,139000
5,773,1.0,240.0,773.0,773,1953,1,1953,4,7677,NAmes,1Story,VinylSd,110000
5,1764,1.0,301.0,0.0,1764,1957,2,1982,7,8838,NAmes,1Story,MetalSd,100000
5,1216,1.0,336.0,832.0,832,1947,1,1950,6,8480,NAmes,1.5Fin,MetalSd,118500
5,1824,2.0,484.0,1824.0,1824,1957,2,1957,9,12436,NAmes,1Story,Wd Sdng,146000
4,869,1.0,390.0,0.0,869,1948,1,1950,3,10122,OldTown,1Story,MetalSd,89900
5,1159,1.0,288.0,747.0,747,1925,1,1950,5,7506,OldTown,1.5Fin,VinylSd,114000
5,1558,1.0,288.0,913.0,1048,1945,1,1950,6,10930,NAmes,1.5Fin,MetalSd,140000
4,672,1.0,308.0,672.0,672,1940,1,2005,4,5400,OldTown,1Story,VinylSd,86900
5,1436,4.0,1488.0,892.0,1254,1922,1,1950,7,10836,OldTown,1.5Fin,Wd Sdng,139000
4,1294,0.0,0.0,0.0,694,1900,2,2000,7,10800,OldTown,2Story,MetalSd,106250
6,1716,2.0,490.0,858.0,858,1962,1,1962,8,9247,NAmes,2Story,HdBoard,171000
5,1044,2.0,372.0,912.0,1044,1968,1,1968,5,10180,NAmes,1Story,HdBoard,139000
7,1312,2.0,495.0,1312.0,1312,1958,1,2001,6,11355,NAmes,1Story,HdBoard,186000
6,1253,1.0,352.0,1253.0,1253,1960,1,1960,5,10920,NAmes,1Story,MetalSd,157000
6,1081,1.0,401.0,1081.0,1081,1960,1,1993,5,12929,NAmes,1Story,Wd Sdng,148000
7,2069,2.0,505.0,585.0,2069,1960,2,2007,9,27650,NAmes,1Story,Wd Sdng,242000
5,910,2.0,414.0,105.0,910,1953,1,1996,5,8892,NAmes,1Story,WdShing,116000
5,876,2.0,576.0,876.0,876,1951,1,1951,5,7200,NAmes,1Story,MetalSd,94000
5,1048,2.0,420.0,0.0,1048,1950,1,1950,7,7200,NAmes,1Story,MetalSd,98300
5,1507,1.0,404.0,1075.0,1507,1960,2,1960,7,7910,NAmes,SLvl,BrkFace,127000
5,1256,1.0,311.0,1256.0,1256,1959,1,1959,6,8000,NAmes,1Story,BrkFace,159000
5,1027,1.0,299.0,1027.0,1027,1962,1,1962,6,8000,NAmes,1Story,BrkFace,125900
5,1269,1.0,308.0,1269.0,1269,1960,1,1960,6,7931,NAmes,1Story,BrkFace,155000
6,1320,2.0,576.0,768.0,819,1948,2,1950,5,8064,NAmes,1.5Fin,Wd Sdng,138000
6,984,1.0,280.0,936.0,984,1954,1,1954,4,6390,NAmes,1.5Unf,MetalSd,112500
6,832,2.0,528.0,832.0,832,1954,1,1954,4,7227,NAmes,1.5Unf,MetalSd,105500
6,1278,1.0,240.0,854.0,854,1954,1,1954,6,7200,NAmes,1.5Fin,MetalSd,127500
5,1800,0.0,0.0,1800.0,1800,1961,2,1961,10,8513,NAmes,1Story,BrkFace,130000
5,1588,2.0,480.0,768.0,1024,1955,1,1967,6,7200,NAmes,1.5Fin,MetalSd,150000
5,825,1.0,350.0,825.0,825,1954,1,1954,4,7200,NAmes,1Story,MetalSd,109500
6,1796,2.0,483.0,780.0,983,1963,1,1963,8,7056,NAmes,2Story,HdBoard,140000
6,1611,2.0,442.0,780.0,798,1964,1,1964,7,9760,NAmes,2Story,HdBoard,167900
5,1117,1.0,264.0,1117.0,1117,1963,1,1963,6,7590,NAmes,1Story,Wd Sdng,136870
6,1133,1.0,308.0,192.0,1133,2008,1,2008,7,9836,OldTown,1Story,VinylSd,143000
5,764,2.0,504.0,680.0,764,1925,1,2004,4,5232,OldTown,1Story,Wd Sdng,73000
5,1539,2.0,686.0,650.0,958,1904,2,2002,8,10440,OldTown,2Story,MetalSd,157500
5,1323,2.0,400.0,780.0,948,1948,1,2005,6,9184,OldTown,1.5Fin,WdShing,122600
5,1360,1.0,330.0,680.0,680,1910,1,2003,6,4800,OldTown,2Story,AsbShng,111000
6,2792,2.0,520.0,1510.0,1584,1920,2,1950,8,10440,OldTown,1.5Fin,BrkFace,256000
5,672,1.0,256.0,672.0,672,1940,1,1950,4,4800,OldTown,1Story,MetalSd,64000
6,1456,1.0,308.0,728.0,728,1915,1,2005,7,6000,OldTown,2.5Unf,Wd Sdng,139500
4,1594,0.0,0.0,828.0,828,1910,2,1996,9,11426,OldTown,1.5Fin,Wd Sdng,118000
7,2082,2.0,484.0,1362.0,1362,2003,2,2003,6,11426,OldTown,1.5Fin,VinylSd,200000
4,1656,2.0,440.0,801.0,1095,1940,2,1985,8,7628,OldTown,1.5Fin,MetalSd,119164
5,1740,1.0,225.0,936.0,960,1920,1,1950,6,7308,OldTown,1.5Fin,WdShing,122250
7,1027,0.0,0.0,931.0,1027,1920,1,2006,5,5400,OldTown,1Story,Stucco,120000
6,1436,2.0,828.0,884.0,884,1940,2,1950,8,10800,OldTown,1.5Fin,Wd Sdng,155000
5,899,1.0,200.0,481.0,899,1910,1,1950,5,6756,OldTown,1Story,MetalSd,78000
5,1080,0.0,0.0,684.0,684,1890,1,1996,5,5914,OldTown,1.5Fin,Wd Sdng,95000
5,789,1.0,250.0,789.0,789,1948,1,1950,5,6000,OldTown,1Story,VinylSd,115000
5,1122,2.0,528.0,924.0,1122,1948,1,2005,6,12000,OldTown,1Story,MetalSd,147000
5,1499,3.0,869.0,904.0,904,1946,1,1950,5,9000,OldTown,1.5Fin,MetalSd,140000
2,407,1.0,297.0,407.0,407,1946,1,1950,3,7311,OldTown,1Story,VinylSd,46500
5,928,1.0,288.0,928.0,928,1957,1,1957,5,6000,OldTown,1Story,BrkFace,112500
4,901,1.0,281.0,901.0,901,1954,1,2000,4,6000,OldTown,1Story,MetalSd,107900
3,1588,0.0,0.0,448.0,1588,1949,2,1992,6,12205,OldTown,1Story,MetalSd,65000
7,3493,3.0,870.0,1470.0,1675,1880,3,2002,10,18386,OldTown,2.5Fin,CemntBd,295000
5,1627,2.0,420.0,797.0,830,1900,2,2006,10,9142,OldTown,2Story,MetalSd,139500
5,1416,3.0,720.0,876.0,876,1915,1,1950,7,12665,OldTown,1.5Fin,Wd Sdng,153900
7,1450,1.0,288.0,624.0,730,1920,1,1965,7,5350,OldTown,2Story,Wd Sdng,132000
5,1344,3.0,513.0,624.0,624,1916,1,1950,7,4571,OldTown,2Story,AsbShng,98000
5,1017,1.0,308.0,346.0,709,1900,1,2003,5,9143,OldTown,1.5Fin,VinylSd,114000
5,2350,2.0,393.0,973.0,1377,1920,2,1960,10,9600,OldTown,2Story,AsbShng,130000
6,2058,2.0,396.0,735.0,1134,1917,1,1950,8,9600,OldTown,2.5Unf,AsbShng,129500
5,1540,0.0,0.0,572.0,884,1905,1,2005,7,6000,OldTown,2Story,MetalSd,129400
7,1378,2.0,360.0,689.0,689,1928,2,2005,7,9600,OldTown,2Story,MetalSd,161000
6,1912,2.0,672.0,482.0,1221,1905,2,2000,7,10800,OldTown,1.5Fin,Wd Sdng,163000
6,1484,0.0,0.0,742.0,742,1914,2,2001,9,6300,OldTown,2.5Unf,Wd Sdng,128000
8,2358,0.0,0.0,684.0,938,1872,2,1987,8,5250,OldTown,2Story,MetalSd,122000
7,1111,1.0,288.0,572.0,572,1926,1,1950,5,5700,OldTown,1.5Fin,Wd Sdng,116900
10,2775,2.0,880.0,1237.0,1521,1893,3,2000,9,13500,OldTown,2.5Unf,Wd Sdng,325000
2,1086,2.0,400.0,723.0,723,1920,1,1950,5,11340,OldTown,2Story,AsbShng,55000
7,2495,2.0,342.0,1313.0,1313,1890,2,1999,10,10800,OldTown,2Story,Wd Sdng,184000
5,984,1.0,308.0,984.0,984,1959,1,1959,5,9750,OldTown,1Story,MetalSd,110000
5,1795,1.0,352.0,1050.0,1050,1954,2,1954,7,12150,OldTown,1.5Fin,MetalSd,131500
5,882,1.0,308.0,0.0,882,1956,1,1956,4,12702,OldTown,1Story,BrkFace,97000
4,1093,1.0,308.0,869.0,1093,1958,1,2006,5,8516,OldTown,1Story,MetalSd,115500
5,1143,1.0,288.0,1008.0,1143,1928,1,1983,5,7111,BrkSide,1Story,WdShing,138000
7,1668,1.0,252.0,672.0,1195,1945,1,1950,8,7425,BrkSide,1.5Fin,Wd Sdng,108000
5,935,1.0,308.0,742.0,779,1930,1,1960,4,9100,BrkSide,1Story,VinylSd,79500
5,1738,1.0,240.0,1024.0,1144,1935,2,1950,6,7010,BrkSide,1.5Fin,Wd Sdng,153000
5,784,0.0,0.0,784.0,784,1924,1,1950,5,6130,BrkSide,1.5Unf,MetalSd,109500
5,1210,1.0,240.0,672.0,832,1941,1,2006,6,5000,BrkSide,1.5Fin,Wd Sdng,124000
6,1290,1.0,200.0,554.0,736,1900,1,2000,6,5870,BrkSide,2Story,HdBoard,106900
6,1672,1.0,240.0,981.0,1014,1940,1,1989,6,6000,BrkSide,1.5Fin,Wd Sdng,164900
5,949,2.0,370.0,949.0,949,1924,1,2003,5,6000,BrkSide,1Story,Wd Sdng,119000
6,1158,1.0,208.0,862.0,950,1929,1,1950,5,6000,BrkSide,1.5Fin,WdShing,120000
6,1497,1.0,672.0,825.0,825,1937,2,2000,5,6000,BrkSide,1.5Fin,Wd Sdng,157000
6,1342,1.0,240.0,739.0,874,1939,2,1950,7,6000,BrkSide,1.5Fin,Wd Sdng,105000
6,1013,1.0,160.0,992.0,1013,1926,1,1950,6,5000,BrkSide,1.5Unf,MetalSd,113000
5,1216,1.0,355.0,565.0,565,1920,1,1997,6,5520,BrkSide,1.5Fin,AsbShng,115000
4,896,1.0,280.0,990.0,896,1946,1,1950,4,5940,BrkSide,1Story,MetalSd,79000
4,1136,1.0,336.0,704.0,624,1929,1,1950,6,6240,BrkSide,1.5Fin,MetalSd,123000
5,808,1.0,164.0,0.0,808,1945,1,1995,6,6120,BrkSide,1Story,Plywood,81300
5,1573,2.0,360.0,1078.0,1128,1930,2,1992,8,6240,BrkSide,1.5Fin,MetalSd,162900
7,2009,2.0,400.0,989.0,1245,1939,2,1950,7,6240,BrkSide,1.5Fin,Wd Sdng,150000
5,1902,2.0,576.0,1100.0,1226,1923,2,1950,7,6120,OldTown,2Story,Wd Sdng,123500
7,1774,2.0,468.0,952.0,1022,1931,2,1950,8,6120,OldTown,1.5Fin,BrkFace,129900
6,1362,2.0,502.0,611.0,751,1920,2,1999,6,6155,BrkSide,2Story,Wd Sdng,128000
4,520,1.0,240.0,520.0,520,1927,1,1950,4,6324,BrkSide,1Story,MetalSd,68500
5,1285,1.0,240.0,672.0,1072,1948,1,2001,6,8635,BrkSide,1.5Fin,Wd Sdng,127000
6,1848,2.0,370.0,833.0,1053,1923,1,2000,8,13053,BrkSide,1.5Fin,Wd Sdng,207000
7,1820,1.0,240.0,1026.0,1133,1925,2,1950,8,9120,BrkSide,1.5Fin,Wd Sdng,184000
6,1716,2.0,672.0,810.0,1170,1915,2,2004,8,9144,BrkSide,1.5Fin,VinylSd,162500
5,1505,1.0,240.0,883.0,988,1940,1,1982,8,9144,BrkSide,1.5Fin,MetalSd,145000
6,838,1.0,275.0,816.0,838,1918,1,2000,5,10267,BrkSide,1Story,Stucco,130000
6,1984,1.0,360.0,1242.0,1242,1910,2,1983,8,8094,OldTown,2.5Unf,Wd Sdng,160000
8,1666,1.0,228.0,588.0,833,1925,1,1996,7,5100,OldTown,2Story,Stucco,161000
6,1609,1.0,228.0,796.0,825,1910,1,1950,7,4347,OldTown,1.5Fin,MetalSd,127500
6,768,2.0,440.0,768.0,768,1930,1,1950,4,6291,IDOTRR,1Story,Stucco,93850
6,1536,1.0,308.0,768.0,768,1952,1,1952,7,10266,IDOTRR,2Story,MetalSd,136000
6,1969,2.0,400.0,1272.0,1272,1938,2,1958,9,6876,IDOTRR,1.5Fin,Wd Sdng,141000
5,1308,2.0,400.0,880.0,880,1915,2,1978,6,10320,IDOTRR,1.5Fin,HdBoard,120000
6,1040,2.0,320.0,1040.0,1040,1925,1,1992,5,7200,IDOTRR,1Story,VinylSd,127500
6,1236,1.0,384.0,768.0,788,1925,2,1950,6,7006,IDOTRR,1.5Fin,Stucco,127000
6,1406,0.0,0.0,319.0,1035,1920,1,1950,6,7920,IDOTRR,1.5Fin,MetalSd,89500
5,825,2.0,720.0,825.0,825,1955,1,1995,4,8235,OldTown,1Story,MetalSd,125000
6,1198,0.0,0.0,901.0,1088,1920,1,1998,7,5586,OldTown,1.5Fin,MetalSd,79900
5,759,2.0,576.0,451.0,759,1912,1,1991,5,10320,IDOTRR,1Story,Wd Sdng,85000
3,1344,0.0,0.0,536.0,808,1915,2,1950,8,10320,IDOTRR,2Story,AsphShn,82375
6,1469,1.0,216.0,756.0,756,1906,1,1995,7,10320,IDOTRR,1.5Fin,MetalSd,135000
5,1054,1.0,240.0,1046.0,1054,1947,1,1993,6,9488,Sawyer,1Story,VinylSd,124000
5,1211,1.0,322.0,952.0,1211,1968,1,1968,5,8250,Sawyer,1Story,HdBoard,134000
5,1271,1.0,312.0,720.0,720,1948,2,1950,7,21286,Sawyer,1.5Fin,Wd Sdng,135000
4,1588,2.0,680.0,0.0,1120,1959,2,1959,7,17120,ClearCr,1.5Fin,WdShing,134432
5,1355,0.0,0.0,644.0,808,1940,2,1999,6,10106,Edwards,1.5Fin,Wd Sdng,127500
5,1075,2.0,440.0,981.0,1075,1963,1,1963,6,11235,Sawyer,SFoyer,HdBoard,148000
5,1040,1.0,384.0,1040.0,1040,1965,1,1965,5,11200,Sawyer,1Story,HdBoard,129500
6,1096,2.0,484.0,1008.0,1096,1978,1,1978,6,13014,Sawyer,SLvl,HdBoard,157500
5,904,1.0,408.0,876.0,904,1966,1,1966,6,7162,Sawyer,1Story,HdBoard,109900
5,992,1.0,294.0,992.0,992,1967,1,2005,6,10265,Sawyer,1Story,HdBoard,145000
5,894,2.0,450.0,894.0,894,1967,1,2003,5,9764,Sawyer,1Story,VinylSd,130000
6,1034,2.0,504.0,450.0,1034,1978,1,1978,6,7703,Sawyer,SFoyer,HdBoard,153000
5,1073,1.0,270.0,1073.0,1073,1967,1,1967,6,9981,Sawyer,1Story,MetalSd,120000
5,1126,2.0,506.0,1060.0,1126,1984,1,1984,5,7400,Sawyer,SFoyer,VinylSd,152000
4,1258,2.0,400.0,1198.0,1258,1969,0,1969,6,12900,Sawyer,SFoyer,Plywood,108959
5,1140,2.0,400.0,1300.0,1140,1920,1,1950,6,12900,Sawyer,1Story,BrkFace,95541
5,1006,0.0,0.0,1006.0,1006,1959,1,1959,5,9000,Sawyer,1Story,Wd Sdng,80000
5,1228,1.0,271.0,1228.0,1228,1966,1,2006,6,8544,Sawyer,1Story,HdBoard,149350
5,960,1.0,300.0,960.0,960,1963,1,2003,6,9239,Sawyer,1Story,VinylSd,144900
6,1188,2.0,621.0,988.0,1188,1956,1,1956,4,14175,Sawyer,1Story,HdBoard,185000
5,1383,1.0,354.0,1383.0,1383,1954,1,1954,6,13284,Sawyer,1Story,Wd Sdng,165000
6,1252,2.0,564.0,1602.0,1252,1960,1,1975,4,13500,ClearCr,1Story,BrkFace,235000
5,1601,1.0,300.0,533.0,1021,1958,1,1987,6,13825,Sawyer,SLvl,MetalSd,140000
5,672,1.0,240.0,672.0,672,1940,1,1997,4,10200,Sawyer,1Story,Wd Sdng,108000
5,1721,2.0,626.0,988.0,1721,1960,2,1960,7,10532,ClearCr,1Story,Plywood,145000
5,1350,3.0,627.0,576.0,864,1941,1,1973,6,8375,Sawyer,1.5Fin,Wd Sdng,152400
5,904,3.0,912.0,864.0,904,1970,1,1970,5,10200,Sawyer,SLvl,HdBoard,144000
6,1291,2.0,431.0,1291.0,1291,1996,1,1997,6,2887,ClearCr,1Story,Wd Sdng,173000
7,2022,2.0,505.0,1160.0,1156,1977,2,1977,8,10005,ClearCr,2Story,Plywood,192000
7,1524,2.0,478.0,1524.0,1524,1979,2,1979,7,20270,ClearCr,1Story,Plywood,245000
7,1363,2.0,439.0,1385.0,1363,1954,1,2005,5,39104,ClearCr,1Story,Plywood,241500
4,1663,2.0,529.0,1364.0,1663,1954,1,1994,6,53227,ClearCr,1Story,Plywood,256000
6,1357,1.0,312.0,1019.0,1357,1959,1,2006,5,11512,Edwards,SLvl,Plywood,177000
7,1079,1.0,249.0,570.0,617,1948,1,1950,5,5190,Edwards,1.5Fin,BrkFace,125600
6,1094,2.0,495.0,1094.0,1094,1953,1,1953,5,10452,Edwards,1Story,Wd Sdng,155000
6,2358,2.0,360.0,907.0,1307,1908,3,1997,10,45600,ClearCr,1.5Fin,Wd Sdng,240000
5,1518,0.0,0.0,1580.0,1518,1940,1,2007,5,19550,Edwards,1Story,PreCast,260000
6,1674,2.0,396.0,1163.0,1163,1918,2,1950,8,21780,Edwards,1.5Fin,Wd Sdng,185000
6,2108,2.0,540.0,1127.0,1236,1935,2,1986,7,13728,Edwards,2Story,Stucco,235000
5,1509,1.0,322.0,1509.0,1509,1956,1,1956,6,9571,Edwards,1Story,Wd Sdng,159900
5,864,0.0,0.0,864.0,864,1975,1,1975,4,9350,Edwards,SFoyer,HdBoard,99600
6,1269,1.0,280.0,621.0,621,1962,1,2001,7,9360,Edwards,2Story,VinylSd,134500
5,1367,1.0,384.0,861.0,961,1900,1,1950,7,8405,Edwards,1.5Fin,MetalSd,119000
5,1347,0.0,0.0,1117.0,820,1910,1,1991,5,7000,Edwards,2Story,MetalSd,107500
5,1164,1.0,240.0,1164.0,1164,1950,1,1950,5,10880,Edwards,1Story,MetalSd,125000
6,1096,0.0,0.0,572.0,572,1924,1,1950,5,9600,Edwards,1.5Fin,Wd Sdng,79000
5,1111,1.0,200.0,616.0,616,1941,1,1950,5,9084,Edwards,1.5Fin,VinylSd,95000
7,2329,2.0,514.0,1475.0,1532,1990,2,1990,10,11839,SawyerW,2Story,HdBoard,262280
6,2814,2.0,614.0,1077.0,1093,1995,2,2002,9,9771,SawyerW,2Story,HdBoard,260000
7,1626,2.0,534.0,1602.0,1626,1994,2,1994,7,9938,SawyerW,1Story,HdBoard,226500
7,2200,2.0,453.0,812.0,1101,1993,2,1994,9,14171,SawyerW,2Story,VinylSd,225000
7,2037,2.0,472.0,672.0,1302,1996,2,1996,8,10541,SawyerW,SLvl,VinylSd,229000
7,1356,2.0,484.0,628.0,628,2007,2,2007,6,10616,CollgCr,2Story,VinylSd,177439
8,1615,3.0,864.0,1615.0,1615,2007,2,2007,7,9345,CollgCr,1Story,VinylSd,248500
9,2276,3.0,1348.0,2271.0,2276,2008,2,2008,7,11778,CollgCr,1Story,VinylSd,475000
9,1766,3.0,874.0,1751.0,1766,2008,2,2008,8,11778,CollgCr,1Story,VinylSd,395039
7,2097,3.0,678.0,1080.0,1080,1993,2,1993,9,11228,SawyerW,2Story,VinylSd,228000
8,1511,3.0,811.0,1401.0,1511,1995,2,1995,6,11454,SawyerW,SLvl,VinylSd,225000
6,1643,2.0,438.0,1182.0,1643,1966,2,1966,6,11500,ClearCr,1Story,Plywood,195000
6,1688,2.0,603.0,616.0,616,1997,2,1997,8,12798,ClearCr,2Story,VinylSd,200000
5,990,2.0,528.0,990.0,990,1994,1,1994,5,9750,CollgCr,1Story,VinylSd,155000
5,1099,1.0,352.0,1099.0,1099,1995,1,2006,6,9525,CollgCr,1Story,VinylSd,144000
5,990,2.0,672.0,990.0,990,1994,1,1995,5,9245,CollgCr,1Story,VinylSd,145000
7,1418,2.0,558.0,1418.0,1418,1997,2,1998,5,8696,CollgCr,1Story,VinylSd,226001
6,1771,2.0,600.0,864.0,872,1997,2,1997,6,13142,CollgCr,2Story,VinylSd,215700
7,1652,2.0,532.0,782.0,782,2000,2,2000,6,8998,CollgCr,2Story,VinylSd,207500
7,1790,2.0,588.0,873.0,882,1999,2,1999,7,9179,CollgCr,2Story,VinylSd,193000
7,1724,2.0,527.0,880.0,880,1998,2,1999,8,8924,CollgCr,2Story,VinylSd,188000
7,1479,2.0,577.0,1468.0,1479,1999,2,2000,6,9382,CollgCr,1Story,VinylSd,191000
7,1494,2.0,530.0,1494.0,1494,2002,2,2002,6,12803,CollgCr,1Story,VinylSd,221000
7,1792,2.0,564.0,963.0,963,2001,2,2001,7,12435,CollgCr,2Story,VinylSd,231500
7,1823,2.0,626.0,928.0,928,2000,2,2001,6,12192,CollgCr,2Story,VinylSd,235000
7,1786,2.0,608.0,920.0,920,2001,2,2002,6,11250,CollgCr,2Story,VinylSd,223500
5,938,1.0,308.0,938.0,938,1975,1,1980,5,9200,CollgCr,1Story,VinylSd,130250
5,985,1.0,328.0,985.0,985,1977,2,1977,6,8385,CollgCr,SLvl,HdBoard,149900
5,1174,2.0,528.0,864.0,1174,1978,1,1978,5,12250,CollgCr,1Story,HdBoard,158000
6,1026,2.0,576.0,940.0,1026,1978,1,1978,5,10970,CollgCr,SLvl,Plywood,147000
5,1076,2.0,576.0,1076.0,1076,1975,1,1975,5,9216,CollgCr,1Story,HdBoard,143195
5,1558,2.0,440.0,864.0,1558,1975,2,2001,5,14330,CollgCr,1Story,Plywood,163000
5,924,1.0,280.0,924.0,924,1975,1,1975,5,7990,CollgCr,1Story,HdBoard,110000
5,864,1.0,352.0,864.0,864,1972,1,1972,5,7180,CollgCr,1Story,HdBoard,127000
5,780,1.0,352.0,780.0,780,1972,1,1972,4,7200,CollgCr,1Story,HdBoard,124900
8,1795,2.0,534.0,1777.0,1795,2002,2,2002,7,9742,CollgCr,1Story,VinylSd,230000
8,2031,2.0,577.0,1128.0,1128,2002,2,2002,7,9473,CollgCr,2Story,VinylSd,237000
7,1865,3.0,839.0,992.0,992,2000,2,2000,7,10316,CollgCr,2Story,VinylSd,235000
7,2161,2.0,570.0,1257.0,1290,2001,2,2001,8,10400,CollgCr,2Story,VinylSd,230500
8,1852,3.0,660.0,1004.0,1004,1999,2,2000,7,9066,CollgCr,2Story,VinylSd,230000
7,2031,2.0,541.0,1153.0,1153,1998,2,1999,8,11404,CollgCr,2Story,VinylSd,222500
8,2263,2.0,905.0,1055.0,1055,2001,2,2002,7,9240,CollgCr,2Story,VinylSd,287000
9,1947,3.0,725.0,1357.0,1366,2001,2,2002,7,9720,CollgCr,2Story,VinylSd,274000
8,1786,3.0,715.0,1778.0,1786,2002,2,2003,6,14860,CollgCr,1Story,VinylSd,300000
8,2290,2.0,779.0,1128.0,1149,2002,2,2002,9,11250,CollgCr,2Story,CemntBd,255900
7,1768,2.0,543.0,884.0,884,2003,2,2003,8,8158,CollgCr,2Story,VinylSd,224900
7,2327,2.0,596.0,1129.0,1129,2003,2,2003,9,10905,CollgCr,2Story,VinylSd,240000
7,1640,2.0,595.0,798.0,798,2003,2,2003,6,7226,CollgCr,2Story,VinylSd,183000
8,1764,2.0,560.0,850.0,886,1999,2,2000,7,11690,CollgCr,2Story,VinylSd,207000
7,1908,2.0,493.0,915.0,933,1994,2,1995,8,8750,CollgCr,2Story,VinylSd,210000
6,848,2.0,420.0,848.0,848,2003,1,2003,3,4435,CollgCr,1Story,VinylSd,136500
6,848,2.0,420.0,848.0,848,2004,1,2004,3,4426,CollgCr,1Story,VinylSd,145000
6,1493,2.0,508.0,1478.0,1493,1997,2,1998,7,13125,CollgCr,1Story,VinylSd,208900
6,1838,3.0,721.0,1838.0,1838,1997,2,1998,8,10126,CollgCr,SFoyer,VinylSd,185000
7,1536,2.0,532.0,1536.0,1536,2002,2,2003,7,9135,CollgCr,1Story,VinylSd,214000
7,1710,2.0,548.0,856.0,856,2003,2,2003,8,8450,CollgCr,2Story,VinylSd,208500
7,1445,2.0,470.0,1445.0,1445,2004,2,2004,6,9750,CollgCr,1Story,VinylSd,186500
7,1436,2.0,484.0,1436.0,1436,2004,2,2004,8,8450,CollgCr,1Story,VinylSd,210000
7,1582,2.0,520.0,770.0,770,2004,2,2004,6,8320,CollgCr,2Story,VinylSd,185900
8,1234,2.0,484.0,1234.0,1234,2007,2,2007,7,11049,CollgCr,1Story,VinylSd,179900
7,1564,3.0,814.0,1564.0,1564,2007,2,2007,6,11058,CollgCr,1Story,VinylSd,218836
7,1361,2.0,610.0,1351.0,1361,2007,2,2007,6,9627,CollgCr,1Story,VinylSd,193000
7,1456,2.0,410.0,728.0,728,2005,2,2005,7,8199,CollgCr,2Story,WdShing,189000
6,848,2.0,420.0,848.0,848,2004,1,2004,3,4426,CollgCr,1Story,VinylSd,149300
6,848,2.0,420.0,848.0,848,2004,1,2004,3,4426,CollgCr,1Story,VinylSd,141000
6,848,2.0,420.0,848.0,848,2004,1,2004,3,4438,CollgCr,1Story,VinylSd,149000
6,848,2.0,420.0,848.0,848,2004,1,2004,4,4438,CollgCr,1Story,VinylSd,144500
5,796,0.0,0.0,796.0,796,1910,1,1950,4,8777,Edwards,1Story,MetalSd,85000
5,2200,0.0,0.0,1272.0,1272,1900,2,2003,9,8777,Edwards,1.5Fin,MetalSd,145900
5,1092,1.0,264.0,1092.0,1092,1966,1,1966,6,9825,Edwards,1Story,HdBoard,123000
5,1256,1.0,276.0,1256.0,1256,1965,1,1965,6,9937,Edwards,1Story,HdBoard,147500
5,1033,2.0,504.0,456.0,1033,1976,1,1976,6,12102,Edwards,SFoyer,HdBoard,165000
6,1127,2.0,480.0,1127.0,1127,1976,1,1976,6,6500,Edwards,1Story,HdBoard,135000
5,996,0.0,0.0,996.0,996,1940,1,1969,6,13907,Edwards,1Story,WdShing,108000
4,1181,2.0,588.0,1138.0,1181,1972,2,1972,6,10012,Edwards,SFoyer,Plywood,137500
7,1656,2.0,397.0,746.0,760,2003,2,2004,7,6931,Edwards,2Story,VinylSd,165400
6,1117,2.0,542.0,1029.0,1117,1977,1,1977,6,9638,Edwards,SLvl,Plywood,147000
6,1398,2.0,440.0,684.0,684,1976,1,2001,6,7200,Edwards,2Story,Plywood,160500
4,1132,2.0,451.0,1132.0,1132,2005,1,2005,5,7024,Edwards,1Story,VinylSd,176000
5,3820,2.0,624.0,0.0,3820,1959,3,1996,11,47007,Edwards,1Story,Plywood,284700
10,5642,2.0,1418.0,6110.0,4692,2008,2,2008,12,63887,Edwards,2Story,Stucco,160000
6,1072,2.0,525.0,547.0,1072,2005,1,2005,5,3675,Edwards,SLvl,VinylSd,148000
4,1152,0.0,0.0,0.0,1152,1955,2,1955,6,6040,Edwards,1Story,AsbShng,82000
4,1152,0.0,0.0,0.0,1152,1955,2,1955,6,6012,Edwards,1Story,AsbShng,82000
4,1440,0.0,0.0,1440.0,1440,1955,2,1955,8,12108,Edwards,1Story,VinylSd,118000
4,1152,0.0,0.0,0.0,1152,1955,2,1955,6,6845,Edwards,1Story,WdShing,82500
4,784,0.0,0.0,784.0,784,1955,1,1955,4,6931,Edwards,1Story,Wd Sdng,91900
5,1053,0.0,0.0,585.0,585,1938,1,2007,5,12180,Edwards,1.5Fin,Wd Sdng,120000
5,1137,0.0,0.0,0.0,929,1947,1,1993,8,8050,Edwards,1.5Fin,MetalSd,96000
4,930,1.0,286.0,911.0,930,1953,1,1953,5,9520,Edwards,1Story,MetalSd,99000
5,1200,1.0,240.0,768.0,768,1946,1,1995,6,11767,Edwards,1.5Fin,MetalSd,130500
4,1470,1.0,548.0,941.0,997,1954,2,1972,7,8172,Edwards,1.5Fin,MetalSd,135000
5,1393,1.0,300.0,816.0,872,1955,1,1955,8,16466,Edwards,1.5Fin,MetalSd,135500
4,1204,1.0,312.0,416.0,1204,1954,1,1954,6,7692,Edwards,SLvl,Wd Sdng,100000
4,1292,1.0,205.0,949.0,949,1923,1,2008,6,5142,Edwards,1.5Fin,Wd Sdng,108000
5,864,0.0,0.0,864.0,864,1925,1,1950,5,5604,Edwards,1Story,Stucco,98000
3,864,0.0,0.0,864.0,864,1914,1,1950,5,8248,Edwards,1Story,Stucco,67000
5,1716,0.0,0.0,780.0,936,1912,2,2000,9,5687,SWISU,2Story,VinylSd,135900
6,1482,1.0,400.0,672.0,810,1925,2,1950,7,12155,SWISU,2Story,Wd Sdng,140000
5,2192,1.0,240.0,720.0,1052,1939,2,1997,8,8400,SWISU,2.5Fin,Wd Sdng,179500
6,1694,2.0,576.0,1181.0,1390,1925,2,1950,7,8400,SWISU,1.5Fin,MetalSd,136500
7,1424,1.0,312.0,1228.0,1424,1921,2,1950,7,7290,SWISU,1Story,WdShing,168000
5,1964,0.0,0.0,940.0,1024,1911,1,1950,7,8525,SWISU,2Story,MetalSd,130000
5,2601,2.0,621.0,612.0,990,1921,3,1998,8,9842,SWISU,2Story,MetalSd,189000
6,1920,2.0,480.0,960.0,960,1930,2,1950,10,7804,SWISU,2.5Unf,Stucco,161900
6,1316,1.0,369.0,644.0,672,1926,1,1950,6,8969,Crawfor,2Story,Wd Sdng,145000
6,2555,2.0,672.0,588.0,1423,1922,2,1994,11,11526,Crawfor,2.5Fin,MetalSd,191000
6,1680,1.0,308.0,840.0,840,1915,2,1976,8,15576,Crawfor,2Story,Wd Sdng,177000
6,1264,2.0,400.0,676.0,676,1914,1,1995,6,15564,Crawfor,1.5Fin,Wd Sdng,147500
6,790,1.0,160.0,768.0,790,1930,1,1950,4,6292,SWISU,1Story,Wd Sdng,91000
8,1512,1.0,180.0,798.0,798,1925,2,1997,7,7609,Crawfor,2Story,Stucco,231000
6,1639,1.0,240.0,1064.0,1166,1936,1,1950,6,10480,SWISU,1.5Fin,MetalSd,115000
6,1603,2.0,599.0,784.0,819,1923,1,1950,7,9650,Crawfor,2Story,Wd Sdng,138000
7,1502,1.0,270.0,776.0,851,1931,1,2000,6,7200,Crawfor,2Story,Stucco,149000
6,1660,1.0,240.0,715.0,849,1934,1,1995,6,11988,Crawfor,2Story,Stucco,188700
5,1938,1.0,240.0,942.0,1265,1937,2,1995,7,11700,Crawfor,1.5Fin,WdShing,198000
5,1374,1.0,225.0,884.0,932,1938,1,1950,6,9260,Crawfor,1.5Fin,Wd Sdng,110000
6,1091,1.0,344.0,1091.0,1091,1951,1,1951,5,7801,Crawfor,1Story,WdShing,104000
8,1873,2.0,786.0,608.0,983,1935,1,1950,9,9670,Crawfor,2Story,BrkFace,257076
8,3447,3.0,1014.0,728.0,1968,1935,3,1997,11,14100,Crawfor,1.5Fin,Stucco,381000
7,1954,2.0,431.0,798.0,1137,1939,1,2006,8,15660,Crawfor,1.5Fin,VinylSd,311500
7,2161,2.0,506.0,832.0,1218,1950,2,2000,8,12392,Crawfor,1.5Fin,VinylSd,263400
5,1898,2.0,484.0,1898.0,1898,1956,2,1956,7,26073,Crawfor,1Story,BrkFace,236500
6,1640,2.0,924.0,1296.0,1640,1954,1,2006,7,14778,Crawfor,1Story,HdBoard,224000
6,1032,2.0,462.0,516.0,516,1980,1,1980,5,1879,Blueste,2Story,MetalSd,116500
6,1556,2.0,452.0,716.0,716,1980,2,1980,6,1950,Blueste,2Story,MetalSd,151000
6,919,1.0,195.0,894.0,919,1926,1,1998,5,7000,IDOTRR,1Story,VinylSd,126000
6,1090,1.0,240.0,720.0,760,1940,1,2006,5,6000,IDOTRR,1.5Fin,VinylSd,120000
4,796,0.0,0.0,796.0,796,1922,1,1950,5,3636,IDOTRR,1Story,AsbShng,55000
6,816,1.0,432.0,816.0,816,1930,1,2007,5,5890,IDOTRR,1Story,Wd Sdng,120500
5,778,1.0,924.0,740.0,778,1940,1,1955,4,6900,IDOTRR,1Story,VinylSd,120500
5,1200,0.0,0.0,780.0,780,1930,1,1950,7,8155,IDOTRR,1.5Fin,Wd Sdng,119000
5,1656,1.0,288.0,624.0,1092,1967,1,1967,7,6000,IDOTRR,SLvl,HdBoard,126000
5,912,1.0,360.0,520.0,912,1930,1,1995,5,7392,IDOTRR,1Story,Wd Sdng,99500
5,1955,1.0,356.0,1151.0,1151,1958,2,1958,7,9000,IDOTRR,1.5Fin,WdShing,165500
1,733,2.0,487.0,0.0,733,1952,1,1952,4,14584,IDOTRR,1Story,AsbShng,13100
4,1361,1.0,185.0,173.0,825,1895,1,1950,6,5280,IDOTRR,2Story,Wd Sdng,89000
4,1317,1.0,250.0,649.0,649,1920,1,1950,6,8500,IDOTRR,2Story,BrkFace,40000
4,1049,1.0,195.0,356.0,671,1910,1,2000,5,5150,IDOTRR,1.5Fin,Plywood,80900
3,894,3.0,1248.0,894.0,894,1935,1,1950,6,18000,IDOTRR,1Story,MetalSd,81000
4,864,1.0,216.0,592.0,432,1920,1,1950,5,9000,IDOTRR,2Story,MetalSd,65000
8,1652,2.0,482.0,1600.0,1652,2008,2,2008,5,5587,Crawfor,1Story,CemntBd,392500
8,1648,2.0,525.0,1596.0,1648,2007,2,2008,5,3843,Crawfor,1Story,CemntBd,294464
7,1646,2.0,482.0,1594.0,1646,2004,2,2005,5,3811,Crawfor,1Story,CemntBd,250000
8,1646,2.0,482.0,1594.0,1646,2004,2,2005,5,3842,Crawfor,1Story,CemntBd,275000
7,2032,3.0,786.0,1840.0,2032,1996,3,1997,7,23730,Mitchel,1Story,MetalSd,300000
8,1689,3.0,857.0,1568.0,1689,2002,2,2002,7,13265,Mitchel,1Story,CemntBd,271000
7,1820,3.0,816.0,910.0,910,1996,2,1997,8,11050,Mitchel,2Story,VinylSd,213000
6,1118,1.0,358.0,1096.0,1118,1977,1,1977,6,9880,Mitchel,SLvl,Plywood,171000
6,1279,2.0,473.0,1196.0,1279,1977,2,1977,6,10125,Mitchel,1Story,Plywood,171500
5,1872,2.0,484.0,0.0,936,1976,2,1976,8,10260,Mitchel,2Story,Plywood,100000
4,1689,2.0,432.0,1680.0,1689,1991,2,1991,6,9990,Mitchel,1Story,HdBoard,228500
5,1786,2.0,529.0,1499.0,1619,1965,2,1965,7,164660,Timber,1.5Fin,Plywood,228950
7,1501,2.0,512.0,1277.0,1501,1986,2,1986,6,4084,Timber,1Story,VinylSd,241500
8,2898,2.0,665.0,1565.0,2898,1976,2,1976,10,15498,Timber,1Story,Stone,287000
8,1537,3.0,788.0,1518.0,1537,2006,2,2007,8,11563,Timber,1Story,VinylSd,294000
8,1646,3.0,800.0,1638.0,1646,2007,2,2008,7,9520,Timber,1Story,VinylSd,293077
8,1780,2.0,612.0,920.0,920,2007,2,2007,6,12852,Timber,2Story,VinylSd,264966
5,1442,2.0,400.0,352.0,712,2006,2,2007,6,9802,Timber,SLvl,VinylSd,172500
5,1394,2.0,400.0,384.0,754,2006,2,2007,7,9735,Timber,SLvl,VinylSd,167500
7,1612,3.0,666.0,796.0,796,2008,2,2008,6,12018,Timber,2Story,VinylSd,218689
6,1495,2.0,438.0,1495.0,1495,1989,2,1989,8,12890,Timber,1Story,Wd Sdng,150000
6,1651,2.0,616.0,1606.0,1651,1986,2,1986,7,12416,Timber,1Story,VinylSd,184000
6,1256,2.0,578.0,1256.0,1256,1986,2,1986,6,18265,Timber,1Story,Plywood,180000
6,1509,2.0,600.0,1461.0,1509,1988,2,1989,5,10200,Timber,SLvl,HdBoard,175000
8,1440,2.0,467.0,1432.0,1440,2003,2,2003,7,11202,Timber,1Story,VinylSd,232500
6,1675,2.0,435.0,1666.0,1675,1999,2,2000,6,7915,Timber,1Story,VinylSd,195000
8,2262,3.0,749.0,1482.0,1482,2003,2,2003,10,12244,Timber,2Story,VinylSd,305000
8,1728,2.0,520.0,1884.0,1728,2007,2,2007,7,11449,Timber,1Story,VinylSd,298751
8,1964,3.0,892.0,1964.0,1964,2005,2,2006,7,11447,Timber,1Story,VinylSd,370000
7,1344,4.0,784.0,1344.0,1344,1997,2,1998,8,8940,Mitchel,SFoyer,VinylSd,209200
7,1344,4.0,784.0,1344.0,1344,1997,2,1998,8,7060,Mitchel,SFoyer,VinylSd,206300
5,1092,0.0,0.0,1092.0,1092,2007,1,2008,5,9278,Mitchel,1Story,VinylSd,146000
6,1189,2.0,392.0,1189.0,1189,1997,2,1997,4,4500,Mitchel,1Story,VinylSd,160500
4,1200,3.0,850.0,1200.0,1200,1964,1,1964,6,14137,Mitchel,SFoyer,HdBoard,173000
5,1040,2.0,499.0,1040.0,1040,1975,1,1975,6,4224,MeadowV,1Story,CemntBd,124000
5,1304,1.0,336.0,264.0,616,1976,1,1976,4,2665,MeadowV,2Story,CemntBd,115000
5,1475,1.0,336.0,550.0,925,1976,2,1976,6,2665,MeadowV,2Story,CemntBd,129500
4,988,1.0,297.0,526.0,526,1973,1,2006,5,1974,MeadowV,SFoyer,CemntBd,105000
4,988,1.0,297.0,462.0,526,1973,1,1973,4,1596,MeadowV,SLvl,CemntBd,94900
5,1160,1.0,257.0,1113.0,1160,1968,1,1968,6,17979,Mitchel,1Story,Plywood,152500
6,1092,0.0,0.0,546.0,546,1970,2,2007,6,1477,MeadowV,2Story,CemntBd,98000
4,630,0.0,0.0,630.0,630,1972,1,1972,3,1890,MeadowV,SFoyer,CemntBd,81000
5,988,2.0,520.0,988.0,988,1954,1,1954,4,21750,Mitchel,1Story,HdBoard,113000
5,816,1.0,264.0,816.0,816,1983,1,1983,4,6490,Mitchel,1Story,VinylSd,128500
5,923,1.0,264.0,876.0,923,1984,1,1985,5,6951,Mitchel,1Story,HdBoard,119500
5,816,1.0,264.0,816.0,816,1982,1,2008,5,6600,Mitchel,1Story,VinylSd,130500
5,816,2.0,816.0,816.0,816,1982,1,2003,4,6600,Mitchel,1Story,HdBoard,138000
5,845,1.0,264.0,845.0,845,1982,1,2005,6,6600,Mitchel,1Story,HdBoard,134500
6,1750,1.0,423.0,983.0,983,1940,2,1985,7,12508,Mitchel,1.5Fin,VinylSd,160000
5,889,2.0,484.0,864.0,889,1984,1,1984,6,12395,Mitchel,1Story,HdBoard,137500
5,1968,2.0,530.0,784.0,1168,1969,2,1969,7,11075,Mitchel,2Story,HdBoard,172000
5,1836,1.0,288.0,686.0,1150,1900,2,1950,7,56600,IDOTRR,2.5Unf,Wd Sdng,103000
6,1587,2.0,525.0,1587.0,1587,1971,2,1971,7,10667,NAmes,1Story,MetalSd,167300
7,1277,2.0,526.0,1277.0,1277,1970,1,1970,5,10628,NAmes,1Story,Plywood,167000
7,2223,2.0,516.0,2223.0,2223,1973,2,1973,8,13651,NAmes,1Story,Plywood,244000
8,2217,2.0,621.0,2217.0,2217,1970,2,1970,8,15865,NAmes,1Story,Wd Sdng,268000
7,1733,2.0,433.0,847.0,847,2003,2,2003,7,12394,Gilbert,2Story,VinylSd,225000
6,1572,2.0,373.0,806.0,806,1995,2,1996,7,10364,Gilbert,2Story,MetalSd,168000
6,1470,2.0,388.0,794.0,794,1997,2,1997,6,13869,Gilbert,2Story,VinylSd,177000
6,1600,2.0,460.0,916.0,916,1997,2,1997,7,8773,Gilbert,2Story,VinylSd,169000
6,1384,2.0,390.0,384.0,754,1997,2,1997,7,8872,Gilbert,SLvl,VinylSd,161500
8,1652,2.0,499.0,1494.0,1652,2000,2,2000,6,5330,StoneBr,1Story,CemntBd,251000
6,1694,2.0,398.0,392.0,924,1994,2,1994,7,10147,Gilbert,SLvl,HdBoard,160000
6,1714,2.0,451.0,923.0,947,1999,2,2000,7,8637,Gilbert,2Story,VinylSd,180000
7,1553,2.0,420.0,691.0,691,1996,2,1996,6,7875,Gilbert,2Story,HdBoard,178750
7,1253,2.0,402.0,1237.0,1253,1995,2,1996,6,7875,Gilbert,1Story,HdBoard,176000
6,2299,2.0,482.0,938.0,957,1999,3,2003,7,7500,Gilbert,2Story,VinylSd,204000
7,1187,2.0,420.0,1168.0,1187,1992,2,1993,6,9556,Gilbert,1Story,HdBoard,160000
7,1472,2.0,402.0,384.0,802,1991,2,1992,7,10784,Gilbert,SLvl,HdBoard,160000
7,1482,2.0,392.0,384.0,812,1992,2,1992,7,9125,Gilbert,SLvl,HdBoard,163900
6,1642,2.0,392.0,903.0,910,1993,2,1994,7,7655,Gilbert,2Story,HdBoard,168000
6,1128,2.0,480.0,1302.0,1128,1964,1,1964,6,18160,Gilbert,1Story,HdBoard,154204
8,1088,2.0,461.0,1074.0,1088,1986,1,1986,5,3696,StoneBr,1Story,HdBoard,170000
7,2090,2.0,577.0,1190.0,1190,1984,2,1984,6,5062,StoneBr,2Story,HdBoard,207500
8,1179,2.0,480.0,1166.0,1179,1988,2,1988,5,4740,StoneBr,1Story,CemntBd,182000
8,1321,2.0,484.0,1312.0,1321,1990,1,1990,4,5118,StoneBr,1Story,CemntBd,212000
9,1922,3.0,676.0,1922.0,1922,2005,2,2006,8,14157,StoneBr,1Story,VinylSd,377426
8,2541,3.0,729.0,1149.0,1164,2005,3,2005,10,12328,StoneBr,2Story,VinylSd,349265
9,2338,3.0,1110.0,2660.0,2338,2006,2,2007,8,51974,StoneBr,1Story,VinylSd,591587
5,1424,3.0,828.0,1100.0,1424,1969,1,1990,7,41600,Gilbert,1Story,HdBoard,155000
9,1612,2.0,556.0,1612.0,1612,2006,2,2006,6,8035,StoneBr,1Story,MetalSd,319900
8,1419,2.0,567.0,1419.0,1419,2007,2,2007,7,8089,StoneBr,1Story,MetalSd,392000
8,2234,2.0,724.0,2220.0,2234,2006,1,2006,7,14082,StoneBr,1Story,VinylSd,441929
10,2042,3.0,724.0,1742.0,2042,2006,2,2007,8,13870,StoneBr,1Story,CemntBd,455000
6,1440,2.0,467.0,1440.0,1440,1981,2,1981,7,12546,NWAmes,1Story,MetalSd,182900
6,1284,2.0,480.0,1284.0,1284,1984,2,1984,5,10960,NWAmes,1Story,HdBoard,174000
6,1868,2.0,477.0,585.0,1140,1984,3,2003,7,12090,NWAmes,SLvl,VinylSd,178000
7,1479,2.0,484.0,725.0,725,1981,2,2003,6,12090,NWAmes,2Story,MetalSd,176000
7,1664,2.0,663.0,1529.0,1664,1978,2,1985,7,12299,NWAmes,1Story,Plywood,213000
7,1930,2.0,481.0,780.0,1085,1979,2,1979,9,11339,NWAmes,2Story,HdBoard,192000
7,1969,2.0,534.0,808.0,1161,1977,2,1977,8,11952,NWAmes,2Story,WdShing,190000
6,2030,2.0,551.0,848.0,1118,1976,2,1976,8,12046,NWAmes,2Story,Plywood,195000
6,1032,2.0,564.0,1032.0,1032,1978,2,1978,6,10395,NWAmes,SLvl,HdBoard,148000
6,1177,2.0,495.0,1153.0,1177,1984,2,1984,6,11850,NWAmes,1Story,Plywood,151500
7,1725,2.0,550.0,539.0,1040,1979,2,1979,6,11584,NWAmes,SLvl,HdBoard,197000
6,1353,2.0,478.0,1259.0,1353,1979,2,1999,5,10400,NWAmes,1Story,MetalSd,192350
5,1620,2.0,462.0,780.0,780,1969,2,1969,7,10793,NWAmes,2Story,WdShing,152000
6,1220,2.0,944.0,1625.0,1220,1971,2,1971,6,13001,NWAmes,1Story,HdBoard,170000
5,1484,2.0,487.0,1484.0,1484,1971,2,1971,7,12243,NWAmes,1Story,Plywood,175000
6,1743,2.0,539.0,702.0,1041,1968,1,1968,7,11700,NWAmes,2Story,HdBoard,175000
7,1935,2.0,550.0,793.0,1142,1976,2,1976,7,12384,NWAmes,2Story,Plywood,197900
7,1324,2.0,585.0,1228.0,1324,1976,2,1976,5,8991,NWAmes,SLvl,Plywood,174000
6,1877,2.0,488.0,1084.0,1084,1974,2,1974,8,8000,NWAmes,2Story,HdBoard,178900
5,1109,1.0,288.0,372.0,576,1971,1,2005,5,10500,NAmes,SLvl,MetalSd,139000
6,981,2.0,576.0,981.0,981,1971,1,1971,5,10530,NAmes,1Story,Plywood,143250
7,1479,2.0,484.0,725.0,725,1972,1,2004,7,7472,NAmes,2Story,HdBoard,184000
5,1422,2.0,576.0,925.0,1422,1970,1,1990,7,9457,NAmes,1Story,MetalSd,155000
5,914,1.0,368.0,914.0,914,1970,1,2002,5,7920,NAmes,1Story,HdBoard,133000
5,950,1.0,280.0,950.0,950,1971,1,1971,5,9758,NAmes,1Story,HdBoard,119500
4,872,4.0,480.0,858.0,872,1971,1,1971,5,8294,NAmes,1Story,MetalSd,123000
4,858,1.0,684.0,858.0,858,1971,1,1971,4,7340,NAmes,1Story,HdBoard,110000
4,914,1.0,270.0,914.0,914,1961,1,1961,4,17199,NAmes,1Story,MetalSd,128000
4,864,2.0,528.0,864.0,864,1971,1,1971,5,9000,NAmes,1Story,HdBoard,120500
7,767,1.0,367.0,723.0,767,1998,1,1998,4,4058,NAmes,SFoyer,MetalSd,133000
6,1337,2.0,511.0,1337.0,1337,2001,2,2001,5,4113,NAmes,1Story,MetalSd,155000
6,1337,2.0,522.0,1405.0,1337,1997,2,1998,5,10943,NAmes,1Story,MetalSd,177000
6,1092,1.0,264.0,525.0,525,1973,1,1973,6,2205,BrDale,2Story,HdBoard,113500
6,1218,1.0,264.0,672.0,672,1973,1,1973,7,1890,BrDale,2Story,HdBoard,113000
6,1218,1.0,264.0,672.0,672,1973,1,1973,7,2058,BrDale,2Story,HdBoard,113700
5,1302,2.0,440.0,630.0,630,1970,2,1970,6,2016,BrDale,2Story,HdBoard,106000
5,1365,2.0,440.0,765.0,765,1971,1,1971,6,1920,BrDale,2Story,HdBoard,122500
6,958,2.0,440.0,1078.0,958,1976,2,1976,5,4928,NPkVill,1Story,Plywood,128000
6,1548,2.0,440.0,804.0,804,1976,2,1976,7,2308,NPkVill,2Story,Plywood,155000
7,1055,1.0,319.0,1061.0,1055,1978,2,1978,4,2304,NPkVill,1Story,Plywood,142500
5,988,1.0,360.0,988.0,988,1966,1,1966,5,7150,NAmes,1Story,HdBoard,129250
9,1816,3.0,730.0,1790.0,1816,2006,2,2007,7,12469,NridgHt,1Story,VinylSd,356000
9,1828,3.0,774.0,1822.0,1828,2007,2,2007,9,11694,NridgHt,1Story,CemntBd,314813
8,1694,3.0,818.0,1694.0,1694,2007,2,2007,7,12030,NridgHt,1Story,VinylSd,318000
8,1694,3.0,856.0,1694.0,1694,2006,2,2007,7,11825,NridgHt,1Story,CemntBd,322400
8,1734,3.0,928.0,1734.0,1734,2007,2,2007,7,12085,NridgHt,1Story,VinylSd,318000
8,2122,3.0,938.0,2108.0,2122,2007,2,2007,7,14333,NridgHt,1Story,VinylSd,345474
9,2121,3.0,732.0,2121.0,2121,2006,2,2007,8,14450,NridgHt,1Story,CemntBd,415298
9,2656,3.0,1040.0,1934.0,1943,2007,2,2007,8,13641,NridgHt,2Story,CemntBd,492000
8,2550,3.0,670.0,1108.0,1148,2006,2,2007,11,13440,NridgHt,2Story,VinylSd,338931
10,2046,3.0,878.0,1994.0,2046,2005,2,2006,7,15431,NridgHt,1Story,VinylSd,450000
7,2172,3.0,947.0,1063.0,1071,2006,2,2006,9,14154,NridgHt,2Story,VinylSd,280000
9,2552,3.0,932.0,2552.0,2552,2007,2,2007,8,13891,NridgHt,1Story,VinylSd,479069
8,1973,3.0,895.0,1935.0,1973,2006,2,2006,9,14226,NridgHt,1Story,VinylSd,395000
9,2643,3.0,694.0,2153.0,2069,2006,2,2006,9,13693,NridgHt,2Story,VinylSd,380000
8,1634,3.0,866.0,1626.0,1634,2006,2,2006,7,11428,NridgHt,1Story,VinylSd,250000
8,1976,3.0,908.0,1976.0,1976,2006,2,2007,7,14977,NridgHt,1Story,VinylSd,440000
9,2758,3.0,814.0,1704.0,1722,2005,2,2006,9,13654,NridgHt,2Story,MetalSd,418000
10,2290,3.0,1174.0,2320.0,2290,2007,2,2007,7,17169,NridgHt,1Story,CemntBd,500067
8,2152,2.0,728.0,1582.0,1582,2007,2,2008,7,16659,NridgHt,2Story,VinylSd,260116
8,2473,3.0,852.0,1143.0,1143,2004,2,2005,9,9591,NridgHt,2Story,VinylSd,317000
8,2100,3.0,786.0,918.0,958,2007,2,2007,8,9709,NridgHt,2Story,VinylSd,319500
8,2161,3.0,789.0,1582.0,1610,2007,1,2007,8,10562,NridgHt,2Story,VinylSd,325624
9,1802,3.0,843.0,1802.0,1802,2006,2,2006,7,13615,NridgHt,1Story,MetalSd,372000
8,2956,3.0,916.0,1706.0,1718,2004,2,2004,11,13069,NridgHt,2Story,VinylSd,342000
8,2468,3.0,872.0,1136.0,1136,2004,2,2004,10,12099,NridgHt,2Story,VinylSd,354000
8,2385,3.0,818.0,1317.0,1217,2003,2,2003,7,14277,NridgHt,2Story,VinylSd,350000
8,2374,3.0,656.0,1181.0,1234,2003,2,2004,10,11999,NridgHt,2Story,VinylSd,285000
8,1818,3.0,774.0,895.0,895,2007,2,2007,8,12568,NridgHt,2Story,VinylSd,281500
7,1614,3.0,878.0,1614.0,1614,2005,2,2006,7,9926,NridgHt,1Story,VinylSd,245700
8,1721,2.0,554.0,1721.0,1721,2005,2,2005,7,9254,NridgHt,1Story,VinylSd,232698
8,1828,3.0,876.0,1298.0,1298,2006,2,2007,7,10732,NridgHt,2Story,VinylSd,250000
6,1362,2.0,460.0,1362.0,1362,2005,2,2006,6,7577,NridgHt,1Story,VinylSd,194700
6,1302,2.0,631.0,1302.0,1302,2005,1,2006,5,3901,NridgHt,1Story,VinylSd,204000
6,1302,2.0,631.0,1302.0,1302,2005,1,2006,5,3903,NridgHt,1Story,VinylSd,200000
6,1362,2.0,460.0,1362.0,1362,2005,2,2006,6,6289,NridgHt,1Story,VinylSd,207000
8,1554,2.0,627.0,1554.0,1554,2006,2,2006,6,4590,NridgHt,1Story,VinylSd,209500
8,1554,2.0,627.0,1554.0,1554,2006,2,2006,6,4590,NridgHt,1Story,VinylSd,209500
8,1370,2.0,484.0,1370.0,1370,2006,2,2006,6,6442,NridgHt,1Story,VinylSd,202500
9,1577,2.0,564.0,1577.0,1577,2005,2,2005,6,7841,NridgHt,1Story,MetalSd,280000
9,1561,2.0,556.0,1561.0,1561,2005,2,2005,6,7313,NridgHt,1Story,MetalSd,277500
9,1869,2.0,617.0,1869.0,1869,2007,2,2007,6,7820,NridgHt,1Story,MetalSd,318061
8,1324,2.0,550.0,1324.0,1324,2006,2,2006,6,6240,NridgHt,1Story,MetalSd,221370
7,1405,2.0,478.0,1405.0,1405,2003,2,2003,6,3242,NridgHt,1Story,VinylSd,200000
6,1496,2.0,572.0,768.0,768,2007,3,2007,7,15810,Gilbert,2Story,VinylSd,181755
6,1536,2.0,400.0,768.0,768,2005,2,2006,6,10237,Gilbert,2Story,VinylSd,176000
6,1484,2.0,393.0,783.0,783,2005,2,2007,8,10237,Gilbert,2Story,VinylSd,178900
7,1458,2.0,454.0,608.0,608,2006,2,2007,6,13204,Gilbert,2Story,VinylSd,168165
6,1495,2.0,440.0,738.0,738,2006,2,2006,7,8857,Gilbert,2Story,VinylSd,171925
6,1746,3.0,350.0,698.0,698,2006,2,2007,6,9729,Gilbert,2Story,VinylSd,198444
6,1326,2.0,388.0,1326.0,1326,2005,2,2005,6,12216,Gilbert,1Story,VinylSd,203000
7,1456,2.0,400.0,728.0,728,2007,2,2007,8,9018,Gilbert,2Story,VinylSd,179540
7,1302,2.0,436.0,1302.0,1302,2007,2,2007,6,8993,Gilbert,1Story,VinylSd,176485
7,1340,2.0,396.0,1340.0,1340,2007,2,2007,6,8899,Gilbert,1Story,VinylSd,181134
6,1412,2.0,432.0,616.0,616,2006,2,2007,6,8499,Gilbert,2Story,VinylSd,156932
6,1504,2.0,440.0,752.0,752,2007,2,2007,6,8229,Gilbert,2Story,VinylSd,166000
7,1456,2.0,400.0,728.0,728,2007,2,2007,7,7713,Gilbert,2Story,VinylSd,177594
7,1258,2.0,462.0,1246.0,1258,2007,2,2007,6,7697,Gilbert,1Story,VinylSd,173500
7,1258,3.0,648.0,1258.0,1258,2006,2,2007,6,3922,Blmngtn,1Story,WdShing,172500
7,1402,3.0,648.0,1258.0,1402,2006,0,2007,7,3922,Blmngtn,1Story,VinylSd,194201
8,1589,3.0,630.0,1406.0,1589,2003,2,2003,7,3621,Blmngtn,1Story,VinylSd,226500
7,1266,2.0,388.0,1266.0,1266,2007,2,2007,6,3710,Blmngtn,1Story,VinylSd,185485
7,1530,3.0,630.0,1530.0,1530,2004,2,2004,7,14572,Gilbert,1Story,VinylSd,259000
7,1119,2.0,437.0,835.0,1119,2004,2,2005,5,16219,Gilbert,SLvl,VinylSd,188500
7,1374,2.0,400.0,384.0,744,2004,2,2004,8,11084,Gilbert,SLvl,VinylSd,175000
7,1959,2.0,434.0,847.0,847,2004,2,2005,8,11796,Gilbert,2Story,VinylSd,215000
7,1525,2.0,534.0,1510.0,1525,2006,2,2006,6,10936,Gilbert,1Story,VinylSd,206580
7,1720,2.0,440.0,840.0,840,2004,2,2004,7,8244,Gilbert,2Story,VinylSd,183500
7,1394,2.0,400.0,384.0,754,2003,2,2003,7,11950,Gilbert,SLvl,VinylSd,165500
7,1948,2.0,434.0,847.0,847,2003,2,2003,8,7875,Gilbert,2Story,VinylSd,211000
6,1690,2.0,463.0,924.0,948,2000,2,2000,7,8063,Gilbert,2Story,VinylSd,181000
7,1995,2.0,435.0,854.0,864,2002,2,2002,8,8740,Gilbert,2Story,VinylSd,219500
6,1647,2.0,460.0,953.0,953,1999,2,2000,7,7917,Gilbert,2Story,VinylSd,175000
7,1430,2.0,400.0,384.0,774,2000,2,2000,8,9967,Gilbert,SLvl,VinylSd,170000
7,1320,2.0,400.0,660.0,660,2003,2,2003,6,7750,Gilbert,2Story,VinylSd,162000
6,1690,2.0,442.0,915.0,940,2000,2,2000,7,9487,Gilbert,2Story,VinylSd,187000
6,1644,2.0,460.0,941.0,961,1999,2,2000,7,9649,Gilbert,2Story,VinylSd,185000
10,4476,3.0,813.0,2396.0,2411,1996,3,1996,10,15623,NoRidge,2Story,Wd Sdng,745000
8,2551,3.0,925.0,1779.0,1779,1997,2,1998,8,12191,NoRidge,2Story,VinylSd,384500
8,2285,3.0,648.0,969.0,997,2000,2,2000,8,11000,NoRidge,2Story,VinylSd,248000
10,2633,3.0,804.0,2633.0,2633,2001,2,2002,8,11400,NoRidge,1Story,VinylSd,466500
9,3078,3.0,806.0,1408.0,1671,1998,2,1998,9,10557,NoRidge,2Story,MetalSd,410000
8,2582,3.0,758.0,1389.0,1411,1998,2,1999,9,11002,NoRidge,2Story,VinylSd,322500
7,2385,3.0,600.0,1066.0,1108,1998,2,1998,8,10790,NoRidge,2Story,VinylSd,252000
10,4316,3.0,832.0,2444.0,2444,1994,3,1995,10,21535,NoRidge,2Story,HdBoard,755000
7,2013,2.0,455.0,1117.0,1127,1996,2,1997,8,9920,NoRidge,2Story,MetalSd,269790
7,2398,3.0,834.0,1379.0,1383,1996,2,1997,8,11787,NoRidge,2Story,VinylSd,315750
7,2520,3.0,721.0,1203.0,1214,1995,2,1995,9,9950,NoRidge,2Story,VinylSd,290000
8,2531,3.0,752.0,1318.0,1328,1995,2,1995,9,12257,NoRidge,2Story,VinylSd,290000
8,3228,2.0,546.0,3200.0,3228,1992,3,1993,10,12692,NoRidge,1Story,BrkFace,430000
8,2202,2.0,517.0,1105.0,1105,1992,2,1993,9,11762,NoRidge,2Story,VinylSd,263000
8,2538,3.0,933.0,1325.0,1335,1996,2,1997,8,9044,NoRidge,2Story,VinylSd,330000
7,1369,2.0,605.0,1369.0,1369,2007,2,2007,5,9910,Somerst,1Story,VinylSd,213133
8,1542,3.0,852.0,1542.0,1542,2007,2,2007,6,11830,Somerst,1Story,VinylSd,260261
9,1905,3.0,788.0,1905.0,1905,2006,2,2006,8,11670,Somerst,1Story,VinylSd,320000
8,1464,3.0,754.0,1485.0,1464,2007,2,2007,6,15256,Somerst,1Story,VinylSd,282922
8,1534,2.0,484.0,1524.0,1534,2006,2,2006,7,10612,Somerst,1Story,VinylSd,215000
10,1966,3.0,1092.0,1966.0,1966,2007,2,2007,6,12291,Somerst,1Story,CemntBd,419005
8,1636,3.0,865.0,1623.0,1636,2006,2,2006,8,13501,Somerst,1Story,VinylSd,255000
8,1795,3.0,895.0,1795.0,1795,2006,2,2007,7,9986,Somerst,1Story,VinylSd,147000
7,1528,2.0,480.0,1528.0,1528,2007,3,2007,6,9965,Somerst,1Story,VinylSd,235876
7,1726,3.0,786.0,1726.0,1726,2007,2,2007,8,9416,Somerst,1Story,CemntBd,311872
7,1689,3.0,954.0,1689.0,1689,2007,2,2007,7,9849,Somerst,1Story,VinylSd,248328
8,1588,3.0,825.0,1588.0,1588,2006,2,2006,7,10000,Somerst,1Story,VinylSd,227000
8,1538,2.0,484.0,1538.0,1538,2005,2,2005,7,8847,Somerst,1Story,VinylSd,260000
8,1496,2.0,474.0,1496.0,1496,2007,2,2007,7,9158,Somerst,1Story,CemntBd,225000
7,1506,2.0,672.0,1494.0,1506,2005,2,2006,7,8251,Somerst,1Story,VinylSd,249000
8,1694,2.0,636.0,1686.0,1694,2004,2,2005,7,10084,Somerst,1Story,VinylSd,307000
7,1977,3.0,574.0,982.0,982,2006,2,2006,7,9605,Somerst,2Story,VinylSd,250000
8,1830,3.0,859.0,1302.0,1302,2006,2,2006,7,8778,Somerst,2Story,VinylSd,221300
8,1338,2.0,598.0,1338.0,1338,2007,2,2007,6,8640,Somerst,1Story,VinylSd,208900
7,1335,2.0,575.0,1335.0,1335,2006,2,2007,6,9000,Somerst,1Story,VinylSd,210400
8,1792,2.0,590.0,896.0,896,2007,2,2007,8,8640,Somerst,2Story,VinylSd,255000
5,1588,2.0,561.0,725.0,725,2007,3,2007,8,10411,Somerst,2Story,VinylSd,212109
8,1959,3.0,1025.0,1088.0,1088,2006,2,2006,8,9000,Somerst,2Story,VinylSd,270000
8,2610,2.0,550.0,1184.0,1184,2007,2,2007,11,9000,Somerst,2Story,CemntBd,303477
8,1880,3.0,880.0,955.0,955,2007,2,2007,8,12217,Somerst,2Story,WdShing,310013
8,1656,3.0,826.0,1656.0,1656,2006,2,2006,7,11096,Somerst,1Story,VinylSd,249700
7,1761,2.0,578.0,874.0,874,2007,3,2007,7,10207,Somerst,2Story,VinylSd,227875
8,1584,2.0,594.0,1574.0,1584,2007,2,2007,6,10440,Somerst,1Story,CemntBd,261329
8,1685,3.0,658.0,1685.0,1685,2006,2,2006,5,11824,Somerst,1Story,VinylSd,253000
6,2443,3.0,744.0,1158.0,1158,2004,2,2004,9,10625,Somerst,2Story,VinylSd,265000
8,2466,2.0,610.0,1580.0,1580,2004,3,2005,8,11143,Somerst,2Story,CemntBd,340000
6,1100,0.0,0.0,1100.0,1100,2006,1,2007,6,7500,SawyerW,1Story,VinylSd,146000
7,1143,0.0,0.0,1143.0,1143,2006,1,2006,5,7500,SawyerW,1Story,VinylSd,147000
5,1094,2.0,576.0,1094.0,1094,2003,1,2004,6,12450,SawyerW,1Story,VinylSd,149000
7,1486,2.0,566.0,1461.0,1486,2006,2,2006,7,7441,SawyerW,1Story,VinylSd,181000
6,1721,2.0,471.0,928.0,936,1994,2,1994,7,8462,SawyerW,2Story,HdBoard,201000
6,1820,2.0,492.0,864.0,920,1993,2,1997,7,11613,SawyerW,2Story,VinylSd,191750
7,1349,2.0,539.0,1349.0,1349,2000,2,2001,6,8450,SawyerW,1Story,VinylSd,179000
7,1494,2.0,514.0,1482.0,1494,1998,2,1998,5,16196,SawyerW,1Story,VinylSd,215000
6,1575,2.0,529.0,1575.0,1575,1992,2,1992,5,8012,SawyerW,1Story,Plywood,179200
6,1266,1.0,283.0,630.0,630,1980,1,1980,5,8012,SawyerW,2Story,Plywood,128000
5,884,2.0,504.0,840.0,884,1983,1,1983,5,9180,SawyerW,SFoyer,HdBoard,144000
5,2020,2.0,630.0,0.0,2020,1977,2,1977,10,8400,SawyerW,1Story,Plywood,144000
5,894,1.0,308.0,894.0,894,1977,1,1977,5,6285,Sawyer,1Story,Plywood,120750
5,970,2.0,624.0,970.0,970,1963,1,1963,5,8480,Sawyer,1Story,HdBoard,132500
5,1057,2.0,576.0,1057.0,1057,1962,1,1962,6,7420,Sawyer,1Story,MetalSd,132000
5,999,1.0,264.0,999.0,999,1962,1,2001,6,7758,Sawyer,1Story,HdBoard,132500
4,1120,2.0,544.0,1040.0,1120,1961,1,1961,5,6970,Sawyer,1Story,VinylSd,129000
5,1696,1.0,349.0,1140.0,1696,1962,1,1962,8,13673,Sawyer,1Story,HdBoard,143900
5,1040,2.0,686.0,1040.0,1040,1968,1,1968,5,7476,Sawyer,1Story,HdBoard,145000
5,988,2.0,572.0,988.0,988,1961,1,1961,5,9945,Sawyer,1Story,Wd Sdng,128500
5,902,1.0,288.0,876.0,902,1967,1,1967,6,6173,Sawyer,1Story,HdBoard,125500
7,2503,2.0,564.0,1223.0,1271,1990,2,1990,7,19522,Veenker,2Story,HdBoard,300000
7,2167,2.0,518.0,1192.0,1516,1974,2,2003,9,17542,Veenker,2Story,Wd Sdng,294000
5,1037,2.0,431.0,1037.0,1037,1974,1,1974,5,10751,Sawyer,1Story,Plywood,129000
5,1701,2.0,611.0,1390.0,1701,1975,2,1981,6,16647,Sawyer,SFoyer,HdBoard,171000
6,1055,2.0,542.0,1044.0,1055,1973,1,2006,5,12712,Sawyer,1Story,CemntBd,147000
8,2810,2.0,750.0,1453.0,1453,1990,2,1990,9,9572,NoRidge,2Story,Wd Sdng,302000
8,2872,2.0,541.0,1683.0,2129,1992,2,2000,9,10678,NoRidge,1.5Fin,HdBoard,285000
8,1378,2.0,540.0,1378.0,1378,2004,2,2004,6,4379,Somerst,1Story,MetalSd,214000
8,1151,2.0,484.0,1141.0,1151,2006,2,2007,5,3523,Somerst,1Story,VinylSd,166000
8,1565,2.0,476.0,1511.0,1565,2006,2,2007,5,3784,Somerst,1Story,VinylSd,193800
7,1352,2.0,466.0,1352.0,1352,2006,2,2007,5,4230,Somerst,1Story,VinylSd,208900
7,1352,2.0,466.0,1352.0,1352,2006,2,2007,5,3606,Somerst,1Story,VinylSd,194000
8,1550,2.0,528.0,1550.0,1550,2006,2,2007,5,5330,Somerst,1Story,VinylSd,207500
7,1241,2.0,569.0,1241.0,1241,2006,1,2007,4,4274,Somerst,1Story,VinylSd,199900
7,1250,2.0,528.0,625.0,625,2006,2,2007,5,4251,Somerst,2Story,MetalSd,164700
6,1501,2.0,440.0,744.0,757,1999,2,1999,6,2280,Somerst,2Story,MetalSd,176500
6,1458,2.0,440.0,729.0,729,1999,2,1999,5,3230,Somerst,2Story,MetalSd,176000
6,1512,2.0,440.0,756.0,756,2000,2,2000,4,2117,Somerst,2Story,MetalSd,168500
6,1573,2.0,440.0,756.0,769,2000,2,2000,4,2117,Somerst,2Story,MetalSd,177000
6,1525,2.0,440.0,756.0,769,2000,2,2000,5,2117,Somerst,2Story,MetalSd,177000
7,1102,2.0,480.0,551.0,551,2004,2,2004,4,5105,Somerst,2Story,MetalSd,148800
8,1441,2.0,492.0,776.0,764,1999,2,2000,5,2645,Somerst,2Story,MetalSd,174000
7,1950,2.0,576.0,975.0,975,1997,2,1998,7,7399,Somerst,2Story,VinylSd,239000
7,1358,2.0,625.0,1339.0,1358,1999,2,2000,5,7321,Somerst,1Story,CemntBd,204000
8,2048,2.0,552.0,1054.0,1072,2003,2,2004,8,8010,Somerst,2Story,CemntBd,301000
8,2362,2.0,1105.0,1220.0,1220,1998,2,1998,8,8413,Somerst,2Story,VinylSd,312500
8,1494,2.0,478.0,1494.0,1494,1994,1,1995,5,9466,Veenker,1Story,BrkFace,279700
7,2362,2.0,546.0,2002.0,2362,1980,2,1980,8,12000,Veenker,1Story,VinylSd,255000
5,1432,2.0,588.0,1360.0,1432,1978,1,1978,5,16157,Veenker,SLvl,Plywood,194000
5,1437,2.0,528.0,1437.0,1437,1976,2,2004,6,10768,Veenker,1Story,Plywood,218000
8,1295,2.0,571.0,1057.0,1295,1978,1,1998,4,3840,Greens,1Story,Wd Sdng,213750
6,1855,2.0,512.0,528.0,1094,1976,2,1994,7,9600,Veenker,SLvl,Plywood,187000
6,1262,2.0,460.0,1262.0,1262,1976,2,1976,6,9600,Veenker,1Story,MetalSd,181500
8,2497,2.0,676.0,2461.0,2497,1981,2,1981,7,17778,Veenker,1Story,BrkFace,373000
5,2620,2.0,600.0,1361.0,1361,1977,2,1977,12,18890,Sawyer,1.5Fin,Plywood,190000
7,1929,2.0,650.0,1057.0,1057,2001,2,2001,7,7050,Somerst,2Story,VinylSd,226000
6,1152,2.0,412.0,912.0,1152,1968,1,1968,7,11700,NWAmes,1Story,MetalSd,143450
6,2411,2.0,570.0,1008.0,1403,1970,2,1970,8,8000,NWAmes,2Story,VinylSd,240050
6,1082,2.0,480.0,973.0,1082,1969,1,1969,6,8723,NWAmes,SFoyer,HdBoard,162500
6,1295,2.0,528.0,1295.0,1295,1968,1,1968,6,11700,NWAmes,1Story,HdBoard,164000
7,1610,2.0,515.0,1124.0,1610,1972,2,1987,8,11358,NWAmes,1Story,Wd Sdng,185000
7,1594,2.0,472.0,1594.0,1594,1993,2,1993,6,9547,NWAmes,1Story,VinylSd,188500
7,2075,2.0,473.0,1148.0,1091,1993,2,1993,8,10530,NWAmes,2Story,MetalSd,255000
5,1680,2.0,528.0,1680.0,1680,1976,2,1976,8,11500,NWAmes,1Story,VinylSd,136905
6,1093,2.0,484.0,1093.0,1093,1966,2,1966,6,10738,NWAmes,1Story,HdBoard,158500
7,1242,2.0,528.0,1242.0,1242,1973,1,1973,6,9600,NWAmes,1Story,HdBoard,175500
6,1052,1.0,311.0,1052.0,1052,1963,1,1963,6,10800,NWAmes,1Story,HdBoard,127000
5,1107,1.0,308.0,949.0,1107,1967,1,1993,5,8050,NAmes,1Story,MetalSd,127000
5,1214,1.0,318.0,1214.0,1214,1967,2,1967,5,10355,NAmes,1Story,MetalSd,143000
5,1073,2.0,515.0,1073.0,1073,1965,1,1965,6,10289,NAmes,1Story,MetalSd,156000
5,1344,1.0,484.0,1024.0,1344,1958,1,1983,6,9503,NAmes,1Story,HdBoard,144000
5,1728,1.0,352.0,1728.0,1728,1964,2,1964,10,10624,NAmes,1Story,HdBoard,119000
4,1224,3.0,530.0,0.0,1224,1964,2,1964,8,10899,NAmes,1Story,HdBoard,103000
5,1422,1.0,286.0,978.0,1422,1960,1,1978,6,12342,NAmes,1Story,Wd Sdng,139900
6,958,1.0,301.0,958.0,958,1960,1,1998,5,12772,NAmes,1Story,MetalSd,151500
5,1065,2.0,461.0,1065.0,1065,1960,1,1960,6,8892,NAmes,1Story,MetalSd,126500
6,1138,1.0,264.0,588.0,1138,1958,1,1958,6,10482,NAmes,SLvl,VinylSd,145000
5,912,1.0,297.0,912.0,912,1958,1,1985,5,7535,NAmes,1Story,MetalSd,120000
5,1074,2.0,396.0,894.0,1074,1956,1,1956,6,7450,NAmes,1Story,Wd Sdng,124000
5,882,1.0,294.0,0.0,882,1959,1,1959,5,8339,NAmes,1Story,MetalSd,106500
5,1187,2.0,440.0,864.0,1187,1961,1,1961,6,14357,NAmes,1Story,Wd Sdng,140500
5,964,2.0,784.0,964.0,964,1961,1,1961,5,8243,NAmes,1Story,VinylSd,137500
5,894,1.0,312.0,894.0,894,1960,1,1960,5,8680,NAmes,1Story,CemntBd,117600
7,1200,2.0,440.0,1174.0,1200,1966,2,1966,6,8800,NAmes,1Story,HdBoard,163500
6,1042,2.0,440.0,1042.0,1042,1965,2,1965,5,9200,NAmes,SLvl,HdBoard,161000
6,1302,1.0,309.0,1302.0,1302,1964,2,1991,7,9350,NAmes,SLvl,HdBoard,158000
6,2154,2.0,539.0,845.0,845,1964,2,1997,8,8800,NAmes,2Story,MetalSd,224500
6,1374,1.0,286.0,1130.0,1374,1964,1,1964,7,11382,NAmes,1Story,Wd Sdng,147000
6,1652,2.0,510.0,1592.0,1652,1959,1,1991,6,22002,NAmes,1Story,MetalSd,200000
6,1429,2.0,572.0,1144.0,1429,1960,1,1987,7,14585,NAmes,1Story,Wd Sdng,181900
5,1327,2.0,624.0,1063.0,1327,1959,1,2002,7,7388,NAmes,1Story,MetalSd,150750
4,1224,2.0,462.0,0.0,1224,1962,2,1962,6,9842,NAmes,1Story,HdBoard,101800
6,932,1.0,306.0,932.0,932,1950,1,1950,4,8280,NAmes,1Story,BrkFace,124000
5,908,2.0,512.0,822.0,908,1940,1,1996,4,12172,NAmes,1.5Unf,Wd Sdng,138500
1,334,0.0,0.0,0.0,334,1946,1,1950,2,5000,BrkSide,1Story,VinylSd,39300
3,666,0.0,0.0,666.0,666,1946,1,1950,4,5000,BrkSide,1Story,WdShing,64500
3,670,0.0,0.0,370.0,442,1945,1,1950,4,3500,BrkSide,1.5Fin,MetalSd,64000
5,808,1.0,308.0,808.0,808,1958,1,2000,5,5175,BrkSide,1Story,VinylSd,112000
6,1977,2.0,540.0,816.0,1127,1964,1,1978,9,9500,NAmes,2Story,VinylSd,165000
5,1150,1.0,288.0,1078.0,1150,1955,1,1955,6,9600,NAmes,1Story,HdBoard,144000
5,1920,2.0,400.0,928.0,928,1948,2,1950,10,11345,NAmes,2Story,AsbShng,137000
5,1376,1.0,240.0,768.0,968,1941,1,1950,6,9492,NAmes,1.5Fin,WdShing,105000
5,1644,1.0,312.0,728.0,888,1942,1,1995,7,9480,NAmes,2Story,MetalSd,146500
5,1560,3.0,792.0,1560.0,1560,1968,2,1968,8,8668,NAmes,1Story,MetalSd,126000
5,1280,2.0,432.0,793.0,1280,1966,2,1966,6,10050,NAmes,SFoyer,HdBoard,175000
6,1254,2.0,525.0,1218.0,1254,1961,1,1961,6,9600,NAmes,SLvl,WdShing,158500
5,912,1.0,275.0,912.0,912,1958,1,1958,5,10150,NAmes,1Story,Wd Sdng,114500
5,1524,1.0,315.0,874.0,874,1958,1,1958,7,11344,NAmes,1.5Fin,MetalSd,144000
6,2380,2.0,596.0,1021.0,1465,1965,2,1979,7,18450,NAmes,2Story,Plywood,129000
6,936,1.0,315.0,936.0,936,1957,1,1999,4,8760,NAmes,1Story,VinylSd,141000
5,1008,1.0,308.0,1008.0,1008,1956,1,1956,6,6860,NAmes,1Story,Wd Sdng,131000
5,1053,2.0,692.0,1053.0,1053,1963,1,1963,6,8250,NAmes,1Story,MetalSd,142100
5,1056,1.0,308.0,1056.0,1056,1958,1,1992,6,8176,NAmes,1Story,Wd Sdng,139000
6,1442,1.0,301.0,1442.0,1442,1958,1,1958,7,9750,NAmes,1Story,MetalSd,157900
5,1056,1.0,260.0,1056.0,1056,1954,1,2005,6,9250,NAmes,1Story,Wd Sdng,139400
6,1244,1.0,336.0,1244.0,1244,1957,1,1957,6,11988,NAmes,1Story,VinylSd,150000
5,1144,1.0,336.0,1144.0,1144,1960,1,1960,6,9100,NAmes,1Story,HdBoard,120000
6,1721,2.0,464.0,1331.0,1721,1957,1,1969,8,9736,NAmes,1Story,Wd Sdng,174850
5,922,1.0,308.0,922.0,922,1957,1,1957,5,9770,NAmes,1Story,Wd Sdng,116000
5,1048,1.0,286.0,1048.0,1048,1956,1,1956,6,10152,NAmes,1Story,MetalSd,135000
6,1657,2.0,484.0,1657.0,1657,1970,2,1970,7,12155,NAmes,1Story,Plywood,163500
5,1411,1.0,310.0,1204.0,1411,1955,1,1975,7,12198,NAmes,1Story,VinylSd,130000
5,1216,1.0,336.0,1216.0,1216,1955,1,1955,5,10050,NAmes,1Story,MetalSd,129500
5,1154,1.0,336.0,864.0,1154,1953,1,2006,6,11556,NAmes,1Story,VinylSd,142000
5,1560,2.0,484.0,1560.0,1560,1958,2,1958,8,8078,NAmes,1Story,Wd Sdng,128600
6,948,2.0,410.0,948.0,948,1952,1,1952,5,10950,NAmes,1Story,Wd Sdng,125000
6,1040,1.0,293.0,1040.0,1040,1953,1,1953,6,7942,NAmes,1Story,Wd Sdng,136000
5,1008,1.0,240.0,1008.0,1008,1953,1,2006,6,8923,NAmes,1Story,Wd Sdng,134500
5,925,1.0,252.0,925.0,925,1956,1,2003,5,8540,NAmes,1Story,VinylSd,127000
5,1360,2.0,572.0,384.0,1360,1955,1,1955,6,7134,NAmes,SLvl,MetalSd,130000
4,1540,1.0,352.0,1190.0,1040,1955,1,1955,7,7150,NAmes,1.5Fin,MetalSd,115000
5,925,1.0,390.0,923.0,925,1955,1,1955,5,8400,NAmes,1Story,MetalSd,116900
5,928,1.0,252.0,928.0,928,1956,1,2000,4,13300,NAmes,1Story,Wd Sdng,132000
4,1647,1.0,280.0,1105.0,1647,1953,1,1953,6,9532,NAmes,1Story,VinylSd,153000
5,924,1.0,420.0,924.0,924,1952,1,1952,6,15783,OldTown,1Story,Wd Sdng,112500
4,1544,0.0,0.0,925.0,1000,1890,2,2006,7,14190,OldTown,1.5Fin,VinylSd,138000
5,893,2.0,576.0,845.0,893,1949,1,2003,4,9600,NAmes,1.5Unf,MetalSd,135000
5,1728,1.0,371.0,1216.0,1216,1953,1,2004,7,12099,NAmes,1.5Fin,MetalSd,156000
5,3086,3.0,1200.0,666.0,1308,1935,3,2007,9,21281,NAmes,2Story,Wd Sdng,301600
5,1034,1.0,240.0,735.0,735,1940,1,1950,5,10134,OldTown,1.5Fin,MetalSd,109000
4,882,0.0,0.0,882.0,882,1956,1,1956,4,5500,OldTown,1.5Unf,MetalSd,103200
4,1281,2.0,580.0,1151.0,845,1925,2,1993,6,10284,OldTown,1.5Fin,MetalSd,128500
4,968,1.0,216.0,656.0,968,1927,2,2007,5,10800,OldTown,1Story,Wd Sdng,64500
5,1534,0.0,0.0,736.0,751,1895,1,1999,6,10800,OldTown,2Story,Wd Sdng,148000
5,691,1.0,216.0,691.0,691,1920,1,1950,4,5400,OldTown,1Story,Wd Sdng,86000
7,1651,1.0,276.0,725.0,1035,1963,2,1999,6,10090,NAmes,SLvl,Plywood,172000
5,888,1.0,240.0,920.0,888,1961,1,1961,5,8700,NAmes,1Story,HdBoard,120000
6,952,1.0,288.0,952.0,952,1968,1,1968,5,8300,NAmes,1Story,Wd Sdng,128500
5,2080,2.0,504.0,1040.0,1040,1969,1,1969,9,11606,NAmes,2Story,Plywood,135000
5,924,2.0,576.0,672.0,672,1949,1,2006,6,8064,NAmes,1.5Fin,MetalSd,122900
6,1082,1.0,240.0,1082.0,1082,1948,1,1950,5,11664,NAmes,1Story,MetalSd,119200
6,1846,1.0,315.0,1040.0,1168,1949,2,1950,7,10496,NAmes,1.5Fin,Wd Sdng,143000
5,988,1.0,276.0,876.0,988,1950,1,1950,6,7200,NAmes,1Story,MetalSd,119000
5,1238,1.0,357.0,864.0,1238,1950,1,1950,6,7200,NAmes,1Story,WdShing,102000
5,864,2.0,720.0,864.0,864,1950,1,2002,5,7200,NAmes,1Story,VinylSd,129000
5,1134,1.0,254.0,1010.0,1134,1960,1,2002,6,7000,NAmes,1Story,Wd Sdng,135000
5,1040,1.0,286.0,1040.0,1040,1959,1,2003,6,7500,NAmes,1Story,BrkFace,152000
5,1170,1.0,338.0,1170.0,1170,1958,1,1958,6,7315,NAmes,1Story,BrkFace,140000
5,1242,1.0,324.0,1242.0,1242,1960,1,1960,6,7903,NAmes,1Story,BrkFace,152000
5,1377,1.0,351.0,1377.0,1377,1960,1,1960,6,8000,NAmes,1Story,BrkFace,156500
5,1800,0.0,0.0,1800.0,1800,1961,2,1961,10,8000,NAmes,1Story,BrkFace,141000
5,925,1.0,300.0,0.0,925,1961,1,1961,7,7000,NAmes,1Story,BrkFace,99000
6,1851,2.0,440.0,822.0,1020,1964,2,1993,7,9760,NAmes,2Story,Wd Sdng,187000
5,1812,1.0,264.0,864.0,876,1962,2,1962,8,7590,NAmes,2Story,VinylSd,169500
5,864,1.0,294.0,864.0,864,1962,1,1962,5,6600,NAmes,1Story,Wd Sdng,125500
5,936,1.0,288.0,896.0,936,1962,1,1962,6,6760,NAmes,SFoyer,HdBoard,130000
5,960,2.0,576.0,850.0,960,1926,1,1980,5,6978,OldTown,1Story,MetalSd,103000
5,1432,2.0,360.0,264.0,768,1910,2,2002,7,9600,OldTown,2Story,Wd Sdng,132000
6,1296,2.0,576.0,845.0,866,1927,1,1950,6,6000,OldTown,1.5Fin,MetalSd,127500
5,1022,1.0,184.0,1022.0,1022,1922,1,1950,4,4480,OldTown,1Story,AsbShng,89500
5,936,2.0,672.0,936.0,936,1980,1,1980,4,7200,OldTown,SFoyer,MetalSd,140000
5,967,1.0,180.0,967.0,967,1920,1,1990,5,3153,OldTown,1Story,MetalSd,99900
4,1047,1.0,273.0,641.0,1047,1885,1,1995,6,10800,OldTown,1Story,VinylSd,100000
5,1072,2.0,379.0,808.0,1072,1940,1,1950,5,7200,OldTown,1Story,VinylSd,130000
5,1174,2.0,576.0,680.0,680,1900,1,2006,6,9000,OldTown,1.5Fin,Stucco,135000
3,1183,1.0,308.0,649.0,679,1948,1,2002,6,6000,OldTown,1.5Fin,MetalSd,120000
4,1131,2.0,672.0,907.0,1131,1937,1,2000,7,5925,OldTown,1Story,Stucco,89471
4,1141,1.0,252.0,570.0,761,1900,1,1950,6,5925,OldTown,1.5Fin,MetalSd,85000
4,960,1.0,308.0,960.0,960,1920,1,1950,5,6000,OldTown,1Story,MetalSd,108500
4,1798,2.0,342.0,1075.0,1156,1900,2,1950,7,9639,OldTown,2Story,MetalSd,137000
5,866,0.0,0.0,686.0,866,1945,1,1997,4,3880,OldTown,1Story,VinylSd,110500
5,968,2.0,480.0,968.0,968,1923,1,2006,5,8520,OldTown,1Story,Wd Sdng,100000
8,1772,2.0,816.0,725.0,909,1910,2,1999,7,10337,OldTown,2Story,VinylSd,184900
6,1642,1.0,374.0,728.0,914,1927,1,1950,9,9863,OldTown,2Story,Wd Sdng,145000
5,1472,1.0,250.0,702.0,842,1925,1,1994,6,9600,OldTown,1.5Fin,VinylSd,125000
5,1232,2.0,480.0,616.0,616,1910,1,1950,6,4571,OldTown,2Story,MetalSd,114000
5,2337,2.0,560.0,662.0,1422,1900,2,1950,10,13600,OldTown,2Story,Wd Sdng,90000
6,1650,2.0,468.0,926.0,991,1910,2,1990,6,8398,OldTown,1.5Fin,Wd Sdng,144100
6,2210,1.0,205.0,1008.0,1178,1880,2,1950,8,9900,OldTown,2Story,Wd Sdng,117500
5,1358,1.0,336.0,687.0,687,1930,1,2005,6,3600,OldTown,2Story,VinylSd,124500
7,2454,2.0,576.0,819.0,1312,1879,2,1987,8,13500,OldTown,2.5Unf,Wd Sdng,185000
6,2291,2.0,506.0,1214.0,1260,1910,2,1998,9,7200,OldTown,2.5Unf,MetalSd,133900
6,1616,1.0,216.0,1149.0,1149,1926,2,2004,5,5400,OldTown,1Story,MetalSd,152000
5,1559,2.0,812.0,1559.0,1559,1948,1,1973,5,8100,OldTown,1Story,VinylSd,153500
7,2554,2.0,704.0,718.0,1576,1890,1,1998,8,10800,OldTown,2Story,Wd Sdng,159500
5,1248,1.0,160.0,912.0,912,1930,1,1950,6,9439,OldTown,1.5Fin,Wd Sdng,87000
4,968,1.0,331.0,0.0,968,1956,1,1956,5,8626,OldTown,1Story,MetalSd,104500
4,1382,1.0,384.0,0.0,1382,1949,2,2002,6,11800,OldTown,SLvl,Stucco,110000
5,1060,1.0,308.0,756.0,916,1925,1,1994,6,6854,BrkSide,1Story,MetalSd,136500
5,1435,1.0,308.0,910.0,910,1950,1,1950,6,8674,BrkSide,1.5Fin,MetalSd,128250
5,1167,2.0,495.0,915.0,1167,1920,1,1950,6,8731,BrkSide,1Story,Stucco,144000
6,1635,2.0,440.0,1065.0,915,1923,1,1950,6,8737,BrkSide,1.5Fin,BrkFace,210000
5,1274,1.0,224.0,728.0,728,1939,2,1998,6,6125,BrkSide,1.5Fin,MetalSd,135000
6,1232,1.0,217.0,600.0,608,1939,1,1950,6,6000,BrkSide,2Story,MetalSd,128000
6,1218,2.0,440.0,735.0,869,1941,1,1950,6,6000,BrkSide,1.5Fin,Wd Sdng,131000
5,884,1.0,240.0,884.0,884,1939,1,1950,5,6120,BrkSide,1.5Unf,AsbShng,113000
6,1409,2.0,528.0,861.0,861,1938,1,1950,6,6240,BrkSide,1.5Fin,VinylSd,126000
5,1322,1.0,280.0,672.0,899,1939,1,1952,7,6240,BrkSide,1.5Fin,Wd Sdng,132000
5,1426,1.0,230.0,966.0,1014,1930,1,1992,6,6240,BrkSide,1.5Fin,Wd Sdng,131750
5,1281,2.0,379.0,756.0,903,1926,1,1950,6,6120,BrkSide,1.5Fin,Wd Sdng,132500
5,1513,1.0,180.0,939.0,939,1920,1,2004,8,6120,BrkSide,2Story,MetalSd,137500
7,854,2.0,576.0,832.0,854,1929,1,2001,5,6120,BrkSide,1.5Unf,Wd Sdng,132000
6,1367,1.0,560.0,884.0,959,1931,1,1950,6,6240,BrkSide,1.5Fin,Wd Sdng,127500
6,986,1.0,180.0,960.0,986,1926,1,1950,5,6180,BrkSide,1Story,Wd Sdng,102000
6,2264,1.0,408.0,1100.0,1100,1918,2,1995,8,7755,OldTown,2Story,Wd Sdng,200000
6,1824,2.0,520.0,764.0,1060,1919,1,1950,8,13515,BrkSide,2Story,Wd Sdng,180500
6,1376,2.0,576.0,768.0,752,1920,1,1950,7,8850,BrkSide,1.5Fin,Wd Sdng,165000
5,1316,2.0,576.0,750.0,960,1926,1,1950,7,8550,BrkSide,1.5Fin,HdBoard,90000
6,1396,1.0,384.0,698.0,698,1915,1,2003,7,8730,BrkSide,2Story,Wd Sdng,153575
7,1344,2.0,456.0,672.0,672,1929,1,1990,6,5700,OldTown,2Story,Wd Sdng,140000
6,2526,1.0,216.0,714.0,1664,1916,2,1950,10,8520,OldTown,1.5Fin,Stucco,136000
5,1173,1.0,240.0,592.0,933,1901,2,1950,7,5680,OldTown,1.5Fin,AsbShng,113000
5,1214,1.0,216.0,969.0,969,1901,1,1950,6,5680,OldTown,1.5Fin,AsbShng,117000
7,1818,1.0,240.0,1040.0,1226,1931,1,1950,7,7758,IDOTRR,1.5Fin,Stucco,169500
7,1108,1.0,280.0,637.0,1108,1930,1,1950,6,7449,IDOTRR,1.5Unf,Wd Sdng,139400
6,2294,2.0,658.0,741.0,1497,1963,3,1963,9,13200,IDOTRR,SLvl,HdBoard,202500
6,1355,0.0,0.0,684.0,773,1914,1,2006,7,6882,IDOTRR,2Story,Wd Sdng,127000
6,1375,1.0,544.0,780.0,780,1937,1,1950,6,9000,IDOTRR,1.5Fin,Wd Sdng,141000
7,1952,1.0,299.0,976.0,976,1950,1,2005,8,9780,IDOTRR,2Story,VinylSd,212300
6,2180,2.0,720.0,1138.0,1138,1915,1,1950,7,10320,IDOTRR,1.5Fin,MetalSd,161000
4,1315,2.0,436.0,808.0,838,1958,2,1958,5,4330,IDOTRR,1.5Fin,MetalSd,99500
5,1111,1.0,288.0,530.0,581,1920,1,1996,6,7200,IDOTRR,2.5Unf,MetalSd,101000
4,1196,2.0,440.0,1196.0,1196,1916,1,1990,5,4800,IDOTRR,1Story,MetalSd,109900
5,1382,2.0,660.0,720.0,854,1941,1,1950,7,12358,OldTown,1.5Fin,MetalSd,128500
7,1889,1.0,308.0,925.0,964,1910,1,1950,9,10120,OldTown,2.5Unf,Wd Sdng,122000
5,840,0.0,0.0,672.0,840,1930,1,1950,5,4388,OldTown,1.5Unf,WdShing,87000
4,1484,1.0,264.0,771.0,866,1910,2,1950,6,10320,IDOTRR,1.5Fin,Wd Sdng,50000
7,2267,2.0,498.0,1005.0,1262,1937,1,1980,7,12888,Sawyer,2Story,Wd Sdng,219000
5,3086,0.0,0.0,1598.0,1636,1946,3,1994,12,18030,ClearCr,1.5Fin,MetalSd,200500
5,1134,1.0,240.0,756.0,756,1940,1,1950,7,8160,Edwards,1.5Fin,MetalSd,126000
5,1282,1.0,240.0,672.0,778,1942,1,1979,4,4484,SWISU,1.5Fin,Plywood,108500
5,999,1.0,308.0,925.0,999,1963,1,1963,6,11235,Sawyer,SFoyer,HdBoard,130000
5,1452,2.0,572.0,1420.0,1452,1964,1,1980,6,11235,Sawyer,SFoyer,HdBoard,158450
4,1005,2.0,440.0,1005.0,1005,1964,1,1964,5,14299,Sawyer,1Story,HdBoard,115400
4,1029,1.0,261.0,1029.0,1029,1961,1,1961,5,7943,Sawyer,1Story,VinylSd,118500
5,1020,2.0,528.0,980.0,1020,1964,2,2001,5,14149,Sawyer,SLvl,HdBoard,165000
5,1040,1.0,264.0,1040.0,1040,1966,1,1966,6,11677,Sawyer,1Story,HdBoard,123000
6,913,1.0,240.0,814.0,913,1966,1,1966,6,8400,Sawyer,SFoyer,VinylSd,129000
5,894,1.0,384.0,894.0,894,1966,1,1966,5,7094,Sawyer,1Story,VinylSd,125000
5,948,1.0,300.0,948.0,948,1968,1,1968,6,8978,Sawyer,1Story,Plywood,108000
5,868,2.0,576.0,768.0,868,1971,1,1990,6,8425,Sawyer,1Story,HdBoard,119900
5,897,1.0,264.0,876.0,897,1968,1,1968,5,8665,Sawyer,1Story,HdBoard,115000
5,943,2.0,528.0,943.0,943,1967,1,1967,5,8398,Sawyer,1Story,MetalSd,134500
5,955,1.0,386.0,955.0,955,1966,1,1966,6,7742,Sawyer,1Story,HdBoard,127000
5,894,2.0,450.0,894.0,894,1968,1,1968,5,8724,Sawyer,1Story,VinylSd,129000
6,1285,2.0,528.0,660.0,1285,1977,1,1977,7,8197,Sawyer,1Story,Plywood,143500
5,912,1.0,315.0,912.0,912,1966,1,1966,6,8169,Sawyer,1Story,Plywood,129000
5,1375,1.0,323.0,1240.0,1375,1956,1,1998,6,14175,Sawyer,1Story,BrkFace,187000
5,2654,2.0,638.0,671.0,1567,1920,3,1996,11,16779,Sawyer,2Story,Wd Sdng,158000
5,1416,2.0,576.0,816.0,1416,1918,2,2007,7,25339,Sawyer,1Story,Wd Sdng,112000
7,1302,1.0,224.0,680.0,798,1940,1,1998,6,6960,Sawyer,1.5Fin,Wd Sdng,165250
6,1299,2.0,494.0,967.0,1299,1954,1,1995,6,11375,Sawyer,1Story,VinylSd,150000
5,1176,1.0,303.0,1158.0,1176,1958,1,1998,6,13770,Sawyer,1Story,Plywood,137000
4,998,2.0,460.0,0.0,998,1945,1,1950,5,9000,Sawyer,1Story,Wd Sdng,89500
7,1824,2.0,739.0,1643.0,1824,1971,2,2002,5,115149,ClearCr,1Story,Plywood,302000
6,1522,2.0,552.0,1190.0,1522,1984,2,1984,7,11075,ClearCr,1Story,Wd Sdng,182000
6,2060,2.0,521.0,1151.0,1164,1988,2,1989,8,10029,ClearCr,2Story,Plywood,211000
5,1325,2.0,576.0,409.0,1325,1948,2,2005,6,17541,Edwards,1Story,Wd Sdng,216000
5,1630,2.0,649.0,1073.0,1630,1953,2,1953,6,22692,Edwards,1Story,MetalSd,130000
4,1242,1.0,336.0,484.0,1242,1946,1,1950,4,17808,Edwards,1Story,Wd Sdng,109900
6,2422,2.0,527.0,1288.0,2422,1954,3,1994,6,12671,ClearCr,1Story,MetalSd,255000
6,2158,2.0,576.0,1202.0,2158,1950,2,2001,7,12615,Edwards,1Story,WdShing,243000
6,1626,1.0,332.0,988.0,988,1954,1,1954,6,10512,Edwards,1.5Fin,Wd Sdng,154000
5,864,1.0,399.0,864.0,864,1958,1,1958,6,5400,SWISU,1Story,MetalSd,118000
4,943,1.0,308.0,0.0,943,1958,1,1994,5,11515,Edwards,1Story,HdBoard,80000
4,1440,0.0,0.0,1440.0,1440,1977,2,1977,8,7711,Edwards,1Story,MetalSd,150000
4,605,0.0,0.0,528.0,605,1920,1,2002,5,9098,Edwards,1Story,Wd Sdng,86000
5,1038,1.0,264.0,1038.0,1038,1984,2,1984,5,3869,Edwards,1Story,Wd Sdng,130000
5,1342,1.0,256.0,1342.0,1342,1951,1,1951,7,9280,Edwards,1Story,Wd Sdng,125000
5,1480,1.0,253.0,1080.0,1080,1951,1,1994,7,11100,Edwards,1.5Fin,Wd Sdng,136500
4,1362,1.0,280.0,951.0,986,1920,2,1950,7,7550,Edwards,1.5Fin,MetalSd,96000
5,1340,1.0,252.0,0.0,1340,1957,1,2006,7,9060,Edwards,1Story,Wd Sdng,120000
6,1822,2.0,515.0,1105.0,1105,1984,2,1984,7,23920,SawyerW,1.5Fin,Wd Sdng,228500
7,1442,2.0,719.0,910.0,1442,1990,2,1991,6,10357,SawyerW,1Story,HdBoard,179900
7,2243,3.0,746.0,700.0,1122,1990,2,1991,8,13474,SawyerW,2Story,HdBoard,225000
7,2730,2.0,576.0,1502.0,1553,1986,2,1987,8,10380,SawyerW,2Story,Plywood,301000
7,2127,3.0,833.0,1104.0,912,1991,2,1991,8,13125,SawyerW,2Story,HdBoard,238000
7,1982,2.0,575.0,807.0,1175,1989,2,1989,7,11287,SawyerW,2Story,Plywood,228500
7,1958,2.0,499.0,779.0,1029,1994,2,2001,7,9317,SawyerW,2Story,VinylSd,220000
7,2696,3.0,792.0,1264.0,1282,2007,2,2007,10,9965,CollgCr,2Story,VinylSd,383970
8,2828,3.0,1052.0,1466.0,1466,2006,3,2007,11,9965,CollgCr,2Story,VinylSd,424870
8,1651,3.0,870.0,1643.0,1651,2007,2,2007,7,9178,CollgCr,1Story,VinylSd,250000
8,2140,3.0,894.0,2140.0,2140,2006,2,2007,8,10481,CollgCr,1Story,CemntBd,360000
7,1494,3.0,840.0,1494.0,1494,2006,2,2007,7,10652,CollgCr,1Story,VinylSd,279500
7,1316,2.0,440.0,1316.0,1316,2007,2,2007,6,11175,CollgCr,1Story,VinylSd,200141
8,1651,3.0,870.0,1643.0,1651,2007,2,2007,7,10235,CollgCr,1Story,VinylSd,246500
8,2574,3.0,868.0,1482.0,1482,2007,2,2007,10,9588,CollgCr,2Story,CemntBd,276000
7,1274,2.0,508.0,1274.0,1274,2005,2,2007,6,8814,CollgCr,1Story,VinylSd,203000
7,1456,2.0,440.0,728.0,728,2006,2,2006,8,11103,CollgCr,2Story,VinylSd,155835
7,1240,3.0,826.0,1240.0,1240,2006,2,2006,5,8556,CollgCr,1Story,VinylSd,194000
7,1208,2.0,628.0,1208.0,1208,2007,2,2007,6,6762,CollgCr,1Story,VinylSd,195400
7,1546,3.0,796.0,1546.0,1546,2005,2,2006,7,11750,CollgCr,1Story,VinylSd,217000
8,1500,2.0,674.0,1489.0,1500,2006,2,2006,7,8760,CollgCr,1Story,VinylSd,212999
7,1270,2.0,524.0,1270.0,1270,2005,2,2006,6,7242,CollgCr,1Story,VinylSd,175900
7,1795,2.0,578.0,879.0,879,2005,2,2006,7,9316,CollgCr,2Story,VinylSd,191000
6,1314,2.0,440.0,1314.0,1314,2006,2,2006,6,9317,CollgCr,1Story,VinylSd,176432
7,2062,2.0,454.0,1157.0,1180,1988,2,1989,7,14364,SawyerW,2Story,Plywood,277000
7,1873,2.0,619.0,929.0,946,1988,2,1988,7,8883,SawyerW,2Story,HdBoard,207000
6,2144,2.0,389.0,1444.0,1444,1958,2,2006,7,159000,ClearCr,1.5Fin,Wd Sdng,277000
6,1953,2.0,501.0,1580.0,1079,1992,2,1992,9,53107,ClearCr,2Story,HdBoard,240000
6,2087,2.0,444.0,832.0,976,1966,2,2007,9,12205,ClearCr,2Story,HdBoard,187500
8,1743,2.0,529.0,966.0,1743,1976,0,1976,5,20064,ClearCr,1Story,Wd Sdng,279000
5,1022,2.0,747.0,1022.0,1022,1994,1,1994,6,14217,CollgCr,1Story,VinylSd,139500
5,990,1.0,299.0,990.0,990,1994,1,1994,5,8775,CollgCr,1Story,VinylSd,126000
6,1200,2.0,521.0,1200.0,1200,1995,2,1995,6,11249,CollgCr,1Story,VinylSd,177500
6,1308,2.0,497.0,635.0,646,1997,2,2006,6,10021,CollgCr,2Story,VinylSd,175000
6,1796,2.0,546.0,794.0,882,1998,2,1998,7,9531,CollgCr,2Story,VinylSd,211000
5,990,1.0,384.0,990.0,990,1994,1,1994,5,8428,CollgCr,1Story,VinylSd,146000
5,1097,1.0,242.0,1097.0,1097,1996,1,1996,6,16561,CollgCr,1Story,VinylSd,147900
4,990,0.0,0.0,990.0,990,1994,1,1995,5,8070,CollgCr,1Story,VinylSd,123600
6,1786,2.0,684.0,824.0,905,1997,2,1997,7,9337,CollgCr,2Story,VinylSd,204750
7,1873,2.0,597.0,988.0,988,1999,2,1999,7,10820,CollgCr,2Story,VinylSd,235500
7,1753,2.0,534.0,853.0,853,1998,2,1999,7,12352,CollgCr,2Story,VinylSd,217000
7,1690,2.0,517.0,845.0,845,2001,2,2001,7,9543,CollgCr,2Story,VinylSd,190550
7,1842,2.0,486.0,985.0,985,2000,2,2000,7,8826,CollgCr,2Story,VinylSd,217500
7,1479,2.0,558.0,1453.0,1479,2003,2,2003,7,10665,CollgCr,1Story,VinylSd,226000
7,1668,2.0,500.0,840.0,840,2003,2,2003,8,11317,CollgCr,2Story,VinylSd,180000
5,894,2.0,440.0,864.0,894,1974,1,1974,5,11800,CollgCr,1Story,HdBoard,131000
5,1025,2.0,370.0,1015.0,1025,1976,2,1976,6,8660,CollgCr,SLvl,VinylSd,153500
5,1009,2.0,576.0,995.0,1009,1977,2,1977,6,9720,CollgCr,SLvl,Plywood,160000
5,1040,2.0,748.0,1040.0,1040,1977,1,1977,5,8982,CollgCr,1Story,CemntBd,134900
5,907,1.0,308.0,876.0,907,1977,1,1977,5,16300,CollgCr,1Story,HdBoard,130000
5,879,2.0,440.0,864.0,879,1975,1,1975,5,9675,CollgCr,1Story,HdBoard,120000
5,882,2.0,461.0,882.0,882,1972,1,1972,5,7700,CollgCr,1Story,VinylSd,112500
5,969,2.0,440.0,969.0,969,1975,1,1975,5,10356,CollgCr,1Story,HdBoard,122000
5,864,2.0,576.0,864.0,864,1972,1,2000,5,7200,CollgCr,1Story,VinylSd,127000
4,875,2.0,728.0,385.0,875,1972,1,2006,5,7200,CollgCr,1Story,Plywood,117000
8,2000,3.0,888.0,2000.0,2000,2004,2,2005,8,10386,CollgCr,1Story,CemntBd,305900
8,2169,2.0,647.0,1284.0,1284,2002,2,2002,7,9375,CollgCr,2Story,VinylSd,228500
7,1673,2.0,583.0,1673.0,1673,2000,2,2000,7,11354,CollgCr,1Story,VinylSd,270000
7,1459,2.0,527.0,1459.0,1459,2002,2,2002,6,8749,CollgCr,1Story,VinylSd,192000
7,1932,2.0,610.0,979.0,992,2003,2,2003,7,8749,CollgCr,2Story,VinylSd,213000
7,1729,2.0,542.0,860.0,860,2002,2,2002,7,8158,CollgCr,2Story,VinylSd,200000
8,2452,2.0,683.0,1028.0,1210,1998,2,1999,9,16226,CollgCr,2Story,VinylSd,267000
8,1592,2.0,484.0,1556.0,1592,1994,2,1995,7,11927,CollgCr,1Story,HdBoard,228000
8,2439,2.0,560.0,1531.0,1531,2001,2,2001,7,12728,CollgCr,2Story,VinylSd,275000
7,1992,2.0,608.0,860.0,1212,1996,2,2002,7,15295,CollgCr,2Story,VinylSd,211000
9,1668,3.0,702.0,1626.0,1668,2002,2,2002,7,11248,CollgCr,1Story,VinylSd,285000
8,2090,2.0,556.0,1220.0,1220,1995,2,1996,8,10000,CollgCr,2Story,VinylSd,240000
6,848,2.0,420.0,848.0,848,2003,1,2003,3,4435,CollgCr,1Story,VinylSd,131500
8,1341,2.0,482.0,1341.0,1341,1999,1,2000,5,17227,CollgCr,1Story,VinylSd,246900
7,1928,2.0,434.0,847.0,847,2003,2,2004,8,8200,CollgCr,2Story,VinylSd,219500
7,1337,2.0,531.0,1337.0,1337,2003,2,2003,6,8450,CollgCr,1Story,VinylSd,185000
7,1476,2.0,552.0,738.0,738,2007,2,2007,7,8145,CollgCr,2Story,VinylSd,179400
7,1797,2.0,639.0,939.0,939,2006,2,2006,8,9245,CollgCr,2Story,VinylSd,213500
7,1422,2.0,626.0,1422.0,1422,2004,2,2004,7,8500,CollgCr,1Story,VinylSd,179600
7,1190,2.0,578.0,1169.0,1190,2005,2,2005,5,8769,CollgCr,1Story,VinylSd,173500
6,1330,2.0,437.0,1330.0,1330,2006,2,2007,6,8334,CollgCr,1Story,VinylSd,167840
7,1491,2.0,484.0,738.0,738,2006,2,2006,7,8333,CollgCr,2Story,VinylSd,168675
5,1536,2.0,400.0,768.0,768,2005,2,2005,6,9045,CollgCr,2Story,VinylSd,167000
5,1214,2.0,461.0,1214.0,1214,1965,1,1965,6,9170,Edwards,1Story,MetalSd,140000
5,936,1.0,384.0,936.0,936,1967,1,1967,4,9825,Edwards,SFoyer,HdBoard,118500
4,1088,2.0,520.0,1088.0,1088,1963,1,1963,4,8308,Edwards,1Story,VinylSd,110000
4,960,1.0,432.0,960.0,960,1965,1,1965,6,10921,Edwards,1Story,HdBoard,94750
5,1351,2.0,576.0,901.0,901,1925,1,1950,7,16287,Edwards,1.5Fin,VinylSd,122000
6,1179,2.0,622.0,1179.0,1179,1960,1,1960,5,8240,Edwards,1Story,HdBoard,110000
6,816,0.0,0.0,816.0,816,1990,1,1990,5,11841,Edwards,SFoyer,HdBoard,118500
6,1044,2.0,528.0,960.0,1044,1976,1,1976,7,6285,Edwards,SLvl,HdBoard,133500
6,1113,1.0,504.0,1143.0,1113,1976,1,1976,6,7917,Edwards,1Story,HdBoard,148000
5,2233,2.0,579.0,0.0,1100,1979,2,1979,11,9555,Edwards,2Story,Plywood,141000
5,1125,2.0,430.0,1125.0,1125,2006,1,2007,5,8536,Edwards,1Story,VinylSd,155000
5,1090,2.0,450.0,1090.0,1090,2005,1,2006,5,7024,Edwards,1Story,VinylSd,157000
5,1408,2.0,489.0,734.0,734,2005,2,2006,6,7023,Edwards,2Story,VinylSd,171500
10,5095,3.0,1154.0,5095.0,5095,2008,2,2009,15,39290,Edwards,1Story,CemntBd,183850
10,4676,3.0,884.0,3138.0,3138,2007,3,2008,11,40094,Edwards,2Story,CemntBd,184750
6,1072,2.0,525.0,547.0,1072,2005,1,2005,5,3675,Edwards,SFoyer,VinylSd,140000
5,960,1.0,392.0,960.0,960,1959,1,2000,4,6400,Edwards,1Story,WdShing,131750
4,1152,0.0,0.0,0.0,1152,1955,2,1955,6,6882,Edwards,1Story,AsbShng,61500
4,948,1.0,248.0,864.0,948,1954,1,1954,5,10215,Edwards,1Story,Wd Sdng,111000
5,1195,0.0,0.0,1195.0,1195,1946,2,1950,8,8741,Edwards,1Story,Plywood,98500
3,774,0.0,0.0,544.0,774,1931,1,2006,6,4270,Edwards,1Story,MetalSd,79000
6,865,1.0,216.0,660.0,740,1920,1,1995,4,10042,Edwards,1.5Fin,Wd Sdng,108500
4,894,2.0,400.0,894.0,894,1954,1,1954,5,9450,Edwards,1Story,MetalSd,110000
4,1346,1.0,384.0,560.0,796,1910,1,2000,6,11767,Edwards,2Story,MetalSd,112000
4,768,1.0,355.0,768.0,768,1955,1,1955,4,8172,Edwards,1Story,MetalSd,125000
4,864,2.0,528.0,864.0,864,1955,1,1955,5,8172,Edwards,1Story,WdShing,79275
4,948,1.0,280.0,948.0,948,1954,1,1954,5,8190,Edwards,1Story,Wd Sdng,119000
6,3395,0.0,0.0,1440.0,1440,1914,2,1995,14,10896,SWISU,2.5Fin,VinylSd,200000
5,2592,0.0,0.0,1296.0,1296,1923,2,1950,12,10890,SWISU,2Story,Wd Sdng,150000
6,1502,1.0,180.0,602.0,900,1923,1,1996,7,10592,Crawfor,2Story,Wd Sdng,165000
5,789,1.0,200.0,768.0,789,1926,1,1950,5,10594,Crawfor,1.5Unf,Wd Sdng,96500
5,1422,1.0,352.0,1290.0,1422,1926,1,1950,6,7223,Crawfor,1Story,Stucco,136500
6,1298,1.0,240.0,651.0,759,1921,2,2005,8,6821,Crawfor,1.5Fin,Wd Sdng,146500
5,1768,1.0,240.0,731.0,981,1937,1,1950,7,7200,SWISU,1.5Fin,Wd Sdng,175000
7,1098,1.0,216.0,531.0,567,1930,1,1995,5,4000,Crawfor,2Story,Wd Sdng,148500
6,1436,1.0,228.0,585.0,851,1921,1,1950,7,6720,Crawfor,2Story,VinylSd,141500
7,1426,1.0,216.0,912.0,912,1918,1,1998,7,7642,Crawfor,1.5Fin,Wd Sdng,189950
6,1461,1.0,225.0,686.0,686,1926,1,1991,6,7155,Crawfor,2Story,Wd Sdng,135000
7,1646,1.0,240.0,918.0,918,1941,2,1950,7,7128,Crawfor,2.5Unf,MetalSd,164000
5,694,1.0,352.0,440.0,694,1913,1,2002,4,4280,Crawfor,1Story,WdShing,90350
5,1250,2.0,552.0,661.0,661,1910,2,2003,8,5362,Crawfor,1.5Fin,Wd Sdng,139000
5,954,1.0,240.0,920.0,954,1938,1,1950,5,6305,Crawfor,1Story,MetalSd,119750
6,1958,2.0,492.0,979.0,979,1946,2,1950,8,7136,Crawfor,2Story,MetalSd,145000
5,2002,3.0,871.0,1001.0,1001,1949,2,1950,8,6270,Crawfor,2Story,MetalSd,145000
7,1718,2.0,264.0,851.0,867,1927,2,1992,8,7230,Crawfor,2.5Unf,VinylSd,238000
5,1226,2.0,400.0,0.0,1226,1951,1,1951,7,13108,Crawfor,1Story,Wd Sdng,153500
6,2624,3.0,864.0,1370.0,1370,1918,2,1950,10,22420,Crawfor,2Story,Wd Sdng,239000
8,3194,2.0,380.0,965.0,1940,1934,2,1998,10,12168,Crawfor,2Story,BrkFace,359100
4,1755,1.0,231.0,930.0,1230,1930,2,2003,7,7810,Crawfor,1.5Fin,AsbShng,188000
6,1991,2.0,432.0,854.0,1096,1932,1,1950,7,11275,Crawfor,1.5Fin,MetalSd,220000
5,1355,2.0,528.0,728.0,760,1941,2,1950,5,6221,Crawfor,1.5Fin,VinylSd,140000
8,2727,2.0,440.0,853.0,1549,1932,2,1994,10,10570,Crawfor,2Story,BrkFace,315000
6,2320,1.0,180.0,1028.0,1436,1945,2,2002,9,7259,Crawfor,2Story,Wd Sdng,259500
6,1839,2.0,416.0,1477.0,1839,1957,2,2004,7,14442,Crawfor,1Story,CemntBd,257500
7,1740,1.0,240.0,800.0,960,1940,1,1984,6,13125,Crawfor,2Story,Wd Sdng,219500
6,2259,2.0,450.0,1809.0,2259,1953,2,1953,7,21000,Crawfor,1Story,Wd Sdng,217000
6,1560,2.0,580.0,1560.0,1560,1960,1,1960,6,25485,Crawfor,1Story,Wd Sdng,201000
6,1488,2.0,552.0,1488.0,1488,1968,2,1968,7,21579,Crawfor,1Story,HdBoard,215000
6,1045,2.0,462.0,516.0,529,1980,1,1980,5,1782,Blueste,2Story,MetalSd,123900
4,1680,2.0,628.0,1680.0,1680,1995,2,1996,7,17871,Crawfor,1Story,VinylSd,170000
8,1020,2.0,509.0,1004.0,1020,1988,1,1988,4,3907,Blueste,1Story,HdBoard,200000
7,1696,2.0,625.0,1696.0,1696,1971,2,1971,7,20693,Crawfor,1Story,Plywood,198000
6,2515,2.0,484.0,2035.0,2515,1957,3,1975,9,32668,Crawfor,1Story,Wd Sdng,200624
8,2726,2.0,691.0,279.0,2726,1986,2,1986,6,18044,Crawfor,1Story,WdShing,315000
5,1517,0.0,0.0,793.0,997,1919,2,2005,7,8500,IDOTRR,1.5Fin,CemntBd,115000
6,1215,2.0,720.0,720.0,720,1940,1,1950,6,7000,IDOTRR,1.5Fin,Wd Sdng,141000
5,803,2.0,360.0,720.0,803,1941,1,1950,5,5000,IDOTRR,1.5Unf,MetalSd,87000
5,1601,0.0,0.0,936.0,936,1925,2,2003,6,7288,IDOTRR,1.5Fin,VinylSd,129850
4,1123,1.0,264.0,732.0,772,1939,1,1950,4,6060,IDOTRR,1.5Fin,AsbShng,100000
5,1828,2.0,480.0,859.0,942,1923,2,1999,6,9060,IDOTRR,2Story,Wd Sdng,150909
5,816,1.0,100.0,816.0,816,1922,1,1950,5,3672,IDOTRR,1Story,Stucco,75200
6,1012,1.0,308.0,1012.0,1012,1920,1,1950,6,8263,IDOTRR,1Story,BrkFace,118400
5,1077,1.0,338.0,961.0,1077,1920,1,1950,6,8967,IDOTRR,1Story,MetalSd,67000
5,1558,1.0,282.0,910.0,910,1950,1,1950,6,13710,IDOTRR,1.5Fin,Wd Sdng,152000
2,845,1.0,256.0,0.0,640,1939,1,1950,4,11067,IDOTRR,1.5Fin,MetalSd,68104
5,1991,0.0,0.0,957.0,1034,1895,2,2006,9,8250,IDOTRR,2Story,VinylSd,119600
4,1073,2.0,720.0,1073.0,1073,1957,1,1980,6,6565,IDOTRR,1Story,MetalSd,140000
5,1001,1.0,216.0,837.0,1001,1930,1,2007,5,6060,IDOTRR,1Story,MetalSd,124900
8,1625,2.0,495.0,1573.0,1625,2006,2,2007,5,5568,Crawfor,1Story,CemntBd,375000
8,1625,2.0,538.0,1573.0,1625,2006,2,2007,5,4750,Crawfor,1Story,VinylSd,235000
6,1299,2.0,486.0,1001.0,1299,1979,2,1979,5,12150,Mitchel,SFoyer,HdBoard,183500
6,912,2.0,470.0,888.0,912,1978,1,1978,5,7540,Mitchel,SFoyer,VinylSd,156000
6,1080,2.0,484.0,1084.0,1080,1983,1,1983,5,9187,Mitchel,1Story,VinylSd,134000
5,1392,3.0,650.0,1441.0,1392,2002,2,2002,6,10000,Mitchel,1Story,VinylSd,215000
7,1409,2.0,576.0,1409.0,1409,2002,1,2002,4,12864,Mitchel,1Story,VinylSd,245000
7,1478,2.0,506.0,1454.0,1478,1991,2,1992,6,9928,Mitchel,1Story,HdBoard,210000
7,918,1.0,360.0,852.0,918,1975,1,1975,4,8750,Mitchel,SLvl,Plywood,148000
6,1026,2.0,528.0,970.0,1026,1974,1,1974,5,8410,Mitchel,SFoyer,Plywood,143000
7,1501,2.0,512.0,1501.0,1501,1987,2,1987,5,4054,Timber,1Story,VinylSd,244000
7,1502,1.0,286.0,1502.0,1502,1998,1,1998,5,9763,GrnHill,1Story,Wd Sdng,330000
5,1328,1.0,308.0,1350.0,1328,1959,1,1959,5,16905,Timber,1Story,VinylSd,170000
6,2279,2.0,461.0,585.0,2279,1958,2,1995,7,19958,Timber,1Story,HdBoard,257000
7,1689,2.0,433.0,1689.0,1689,2006,2,2007,7,8368,Timber,1Story,VinylSd,231713
8,1564,2.0,502.0,1546.0,1564,2006,2,2007,6,8298,Timber,1Story,VinylSd,267300
8,1484,2.0,472.0,1476.0,1484,2006,2,2006,6,9037,Timber,1Story,VinylSd,265900
8,1571,3.0,722.0,1571.0,1571,2007,2,2007,7,10991,Timber,1Story,VinylSd,239000
8,1646,3.0,870.0,1638.0,1646,2006,2,2007,6,10656,Timber,1Story,VinylSd,248900
7,1240,2.0,528.0,1265.0,1240,1985,2,1985,6,10331,Timber,1Story,Plywood,174000
7,1717,2.0,400.0,1156.0,1187,1990,2,1991,7,13758,Timber,1.5Fin,HdBoard,187500
6,1756,2.0,422.0,872.0,888,1996,2,1997,7,9303,Timber,2Story,VinylSd,204000
8,1312,2.0,471.0,1267.0,1312,2001,2,2001,5,6718,Timber,1Story,VinylSd,180500
7,1146,2.0,438.0,868.0,1146,2003,2,2003,6,9590,Timber,SLvl,VinylSd,187500
8,1922,3.0,692.0,1922.0,1922,2002,2,2002,6,11305,Timber,1Story,VinylSd,282000
6,1491,2.0,571.0,1491.0,1491,1996,2,1996,7,7777,Timber,1Story,VinylSd,178000
8,1629,3.0,808.0,1616.0,1629,2002,2,2003,9,14536,Timber,1Story,VinylSd,270000
7,2486,2.0,452.0,1122.0,1146,2003,3,2004,10,11800,Timber,2Story,VinylSd,279900
5,1572,3.0,995.0,1572.0,1572,1963,1,1963,5,35133,Timber,1Story,MetalSd,186700
8,1776,3.0,712.0,1732.0,1776,2006,2,2007,7,15306,Timber,1Story,VinylSd,283463
10,1824,3.0,932.0,1824.0,1824,2006,2,2007,8,12633,Timber,1Story,MetalSd,392000
8,2482,3.0,642.0,1094.0,1133,2005,2,2006,9,12665,Timber,2Story,VinylSd,281213
5,1120,0.0,0.0,1120.0,1120,2007,1,2007,6,8402,Mitchel,1Story,VinylSd,147000
3,2034,4.0,1041.0,0.0,2034,1953,1,1953,9,43500,Mitchel,1Story,MetalSd,130000
6,936,2.0,460.0,920.0,936,1996,0,1997,3,6710,Mitchel,SFoyer,VinylSd,140000
4,1040,2.0,648.0,1064.0,1040,1963,1,1963,5,25286,Mitchel,1Story,HdBoard,132250
5,1632,2.0,576.0,1632.0,1632,1967,2,1967,8,25000,Mitchel,1Story,HdBoard,143000
4,1622,4.0,1356.0,1249.0,1622,1961,1,1975,7,32463,Mitchel,1Story,MetalSd,168000
5,1060,2.0,572.0,1040.0,1060,1976,1,1976,6,4224,MeadowV,1Story,CemntBd,129900
5,1142,2.0,528.0,1142.0,1142,1976,1,1976,6,4224,MeadowV,1Story,CemntBd,134000
4,1092,1.0,253.0,546.0,546,1972,1,1972,5,1504,MeadowV,2Story,CemntBd,85500
4,992,1.0,297.0,530.0,530,1970,1,1970,4,1533,MeadowV,SLvl,CemntBd,106500
4,1092,0.0,0.0,546.0,546,1970,1,1970,5,1495,MeadowV,2Story,CemntBd,93900
4,1092,1.0,286.0,546.0,546,1970,1,1970,6,2001,MeadowV,2Story,CemntBd,75000
4,630,0.0,0.0,630.0,630,1970,1,1970,3,1936,MeadowV,SFoyer,CemntBd,84500
4,1092,1.0,286.0,546.0,546,1976,1,1976,6,1890,MeadowV,2Story,CemntBd,75190
6,1062,2.0,539.0,1029.0,1062,1976,1,1976,5,11333,Mitchel,SLvl,HdBoard,146800
5,1008,2.0,678.0,923.0,1008,1977,1,1977,4,9129,Mitchel,SFoyer,Plywood,153500
6,1356,2.0,528.0,1244.0,1356,1977,2,1977,6,15957,Mitchel,SLvl,HdBoard,188000
5,1676,2.0,672.0,1160.0,1676,1977,1,1994,6,33983,Mitchel,1Story,Plywood,196000
5,1432,2.0,531.0,716.0,716,1977,1,1977,6,8286,Mitchel,2Story,Plywood,157000
5,796,0.0,0.0,796.0,796,1971,1,1971,5,6723,Mitchel,SFoyer,Wd Sdng,138000
5,768,2.0,624.0,768.0,768,1970,1,1970,5,7244,Mitchel,SFoyer,VinylSd,129500
4,1608,1.0,444.0,1396.0,1608,1961,1,1961,6,27697,Mitchel,1Story,Plywood,80000
4,845,2.0,360.0,845.0,845,1982,1,2006,4,7599,Mitchel,1Story,HdBoard,129500
5,1178,2.0,502.0,1090.0,1178,1976,1,2003,6,11000,Mitchel,1Story,Plywood,135000
5,816,1.0,264.0,816.0,816,1982,1,1982,5,8314,Mitchel,1Story,HdBoard,124500
5,816,1.0,264.0,816.0,816,1983,1,1983,4,11625,Mitchel,1Story,HdBoard,139000
5,974,0.0,0.0,974.0,974,1991,1,1992,5,10712,Mitchel,1Story,HdBoard,93500
5,887,1.0,288.0,864.0,887,1984,1,1984,5,10447,Mitchel,1Story,Plywood,124500
6,1293,2.0,452.0,1178.0,1293,1954,2,1954,5,11027,NAmes,1Story,Wd Sdng,149900
6,1024,1.0,313.0,1008.0,1024,1956,1,1956,5,10533,NAmes,1Story,VinylSd,157500
5,1797,3.0,963.0,1617.0,1797,1957,1,1957,7,11765,NAmes,1Story,Wd Sdng,169000
6,1390,2.0,550.0,1705.0,1390,1957,1,1957,4,39384,NAmes,1Story,Wd Sdng,252000
7,1851,2.0,506.0,1851.0,1851,1969,2,1969,8,11727,NAmes,1Story,HdBoard,192100
6,1525,2.0,400.0,813.0,813,1997,2,1998,6,8238,Gilbert,2Story,VinylSd,183500
7,2236,2.0,642.0,964.0,993,1997,2,1997,8,13006,Gilbert,2Story,HdBoard,222000
6,1671,2.0,423.0,781.0,781,1995,2,1995,7,13041,Gilbert,2Story,HdBoard,170000
6,1498,2.0,409.0,691.0,691,1995,2,1996,6,13031,Gilbert,2Story,HdBoard,187500
6,1776,2.0,443.0,821.0,821,1996,2,1996,7,9783,Gilbert,2Story,HdBoard,202000
6,1511,2.0,413.0,802.0,802,1997,2,1997,8,11207,Gilbert,2Story,VinylSd,185000
7,2462,2.0,576.0,1392.0,1392,2005,2,2006,9,19378,Gilbert,2Story,VinylSd,320000
7,1670,3.0,690.0,1670.0,1670,2006,2,2006,7,14859,Gilbert,1Story,VinylSd,240000
8,2064,2.0,527.0,1074.0,1074,2005,2,2005,7,13128,Gilbert,2Story,VinylSd,250000
8,1801,3.0,800.0,893.0,901,2005,2,2005,8,10463,Gilbert,2Story,VinylSd,239900
7,2212,3.0,773.0,1700.0,1700,2005,2,2006,9,13751,Gilbert,2Story,VinylSd,309000
7,2021,2.0,422.0,868.0,887,2006,2,2006,9,23257,Gilbert,2Story,VinylSd,274725
8,2687,2.0,618.0,2062.0,2079,1994,2,1994,9,13108,StoneBr,2Story,CemntBd,270000
6,1169,2.0,402.0,1160.0,1169,1993,2,1994,6,8076,Gilbert,1Story,HdBoard,183500
6,1501,2.0,420.0,697.0,697,1993,2,1994,6,7685,Gilbert,2Story,HdBoard,165600
7,1632,2.0,462.0,935.0,955,1998,2,1998,8,9084,Gilbert,2Story,VinylSd,176500
8,1204,2.0,461.0,1191.0,1204,1987,2,1987,5,3701,StoneBr,1Story,HdBoard,130000
7,1767,2.0,504.0,1064.0,1064,1987,2,1987,5,5306,StoneBr,2Story,HdBoard,239000
8,1742,2.0,564.0,1742.0,1742,1985,2,1985,5,6563,StoneBr,1Story,HdBoard,275000
9,2798,3.0,670.0,1398.0,1414,2005,3,2006,11,16023,StoneBr,2Story,VinylSd,457347
10,3390,3.0,758.0,1528.0,1528,2006,3,2006,10,18062,StoneBr,2Story,CemntBd,545224
9,2473,3.0,675.0,1094.0,1102,2006,2,2006,11,12292,StoneBr,2Story,VinylSd,356383
9,2868,3.0,716.0,1992.0,1992,2005,3,2006,11,16056,StoneBr,2Story,CemntBd,556581
8,2576,3.0,666.0,1234.0,1264,2006,2,2006,10,12438,StoneBr,2Story,VinylSd,361919
10,2698,3.0,736.0,1850.0,1850,2006,2,2006,11,16052,StoneBr,2Story,VinylSd,535000
9,2795,3.0,660.0,1390.0,1390,2005,3,2006,10,15922,StoneBr,2Story,VinylSd,401179
10,2945,3.0,641.0,1410.0,1426,2006,3,2006,10,13682,StoneBr,2Story,VinylSd,438780
5,2320,2.0,672.0,0.0,1547,1948,2,1950,7,14762,Gilbert,2Story,Plywood,169000
5,1056,2.0,572.0,1056.0,1056,1955,1,1955,5,34650,Gilbert,1Story,Wd Sdng,145000
9,1714,2.0,517.0,1714.0,1714,2005,2,2005,7,8147,StoneBr,1Story,MetalSd,318000
8,1826,3.0,758.0,1814.0,1826,2005,2,2006,7,11302,StoneBr,1Story,VinylSd,319000
9,2000,3.0,722.0,1910.0,2000,2005,2,2005,8,18261,StoneBr,1Story,VinylSd,470000
7,1621,2.0,440.0,1208.0,1621,1984,2,1998,8,14145,NWAmes,1Story,Wd Sdng,202500
7,2183,3.0,786.0,1204.0,1377,1988,2,1988,9,13837,NWAmes,1.5Fin,HdBoard,229000
7,2263,2.0,539.0,795.0,1468,1977,2,1994,9,16659,NWAmes,2Story,Plywood,235000
6,1574,2.0,566.0,796.0,790,1976,2,1976,6,18800,NWAmes,2Story,HdBoard,190000
6,1102,2.0,582.0,988.0,1102,1980,1,1980,5,10464,NWAmes,SFoyer,HdBoard,169000
7,1872,2.0,604.0,1845.0,1872,1988,2,1988,6,10400,NWAmes,1Story,Wd Sdng,241500
7,1857,2.0,482.0,945.0,945,1978,2,1978,8,10530,NWAmes,2Story,Plywood,188900
6,1686,2.0,612.0,1686.0,1686,1980,2,1980,7,10240,NWAmes,1Story,Plywood,207500
7,2784,2.0,564.0,1392.0,1392,1978,3,1978,12,16692,NWAmes,2Story,Plywood,250000
6,1552,2.0,434.0,713.0,811,1975,2,1975,6,11475,NWAmes,2Story,VinylSd,179900
7,1083,2.0,596.0,1047.0,1083,1976,1,1976,5,9927,NWAmes,SFoyer,VinylSd,172000
7,2318,2.0,541.0,960.0,960,2005,2,2006,8,9512,Somerst,2Story,VinylSd,294323
6,1875,2.0,485.0,675.0,1109,1975,3,2000,8,10530,NWAmes,SLvl,Plywood,184500
5,1074,2.0,495.0,1056.0,1074,1975,1,1975,6,10140,NWAmes,1Story,HdBoard,153500
7,1664,2.0,528.0,832.0,832,1976,2,1976,8,10140,NWAmes,2Story,HdBoard,162900
6,1309,2.0,484.0,1040.0,1309,1974,1,1999,5,10140,NWAmes,1Story,HdBoard,181000
6,1103,2.0,462.0,1103.0,1103,1974,2,1974,6,10000,NWAmes,1Story,HdBoard,155000
5,1096,1.0,299.0,1096.0,1096,1969,1,1969,6,15870,NAmes,1Story,VinylSd,138800
4,864,1.0,280.0,864.0,864,1970,1,1970,5,9353,NAmes,1Story,MetalSd,116050
4,858,0.0,0.0,858.0,858,1971,1,1971,5,8125,NAmes,1Story,HdBoard,88000
4,874,2.0,576.0,864.0,874,1971,1,1971,5,7200,NAmes,1Story,HdBoard,97500
6,1419,2.0,543.0,1487.0,1419,2002,2,2002,4,8773,NAmes,1Story,MetalSd,190000
6,1092,2.0,440.0,525.0,525,1973,1,1973,6,2760,BrDale,2Story,HdBoard,105500
5,1365,2.0,440.0,765.0,765,1973,1,1973,7,2160,BrDale,2Story,HdBoard,125500
6,987,1.0,264.0,483.0,483,1973,1,1973,5,1953,BrDale,2Story,HdBoard,83000
6,1030,1.0,264.0,494.0,494,1972,1,1972,6,1890,BrDale,2Story,HdBoard,116000
6,1218,0.0,0.0,672.0,672,1971,1,1971,7,1680,BrDale,2Story,CemntBd,91500
6,1218,1.0,264.0,672.0,672,1972,1,1972,7,1680,BrDale,2Story,HdBoard,118000
6,948,1.0,264.0,483.0,483,1972,1,1972,5,1680,BrDale,2Story,HdBoard,89000
6,1092,1.0,264.0,525.0,525,1972,1,1972,6,1680,BrDale,2Story,HdBoard,108000
6,987,1.0,288.0,483.0,483,1972,1,1972,5,1680,BrDale,2Story,HdBoard,94500
6,1069,2.0,440.0,1069.0,1069,1975,2,1975,4,4043,NPkVill,1Story,Plywood,146300
5,1387,1.0,300.0,943.0,1387,1967,1,1975,6,7514,NAmes,1Story,MetalSd,145000
5,900,1.0,288.0,864.0,900,1967,1,1967,6,7838,NAmes,SFoyer,HdBoard,123000
7,1055,1.0,319.0,1055.0,1055,1976,2,1976,4,2280,NPkVill,1Story,Plywood,137500
6,1456,2.0,460.0,855.0,855,1976,2,1976,6,2179,NPkVill,2Story,Plywood,144000
9,1980,3.0,770.0,1980.0,1980,2004,2,2005,8,16737,NridgHt,1Story,VinylSd,315000
9,2589,3.0,831.0,1738.0,1738,2006,2,2006,11,16387,NridgHt,2Story,VinylSd,412083
9,2596,3.0,840.0,1249.0,1249,2006,3,2006,9,16259,NridgHt,2Story,VinylSd,342643
8,1618,3.0,880.0,1618.0,1618,2004,2,2004,6,16163,NridgHt,1Story,VinylSd,252000
10,2076,3.0,850.0,2076.0,2076,2006,2,2006,7,13891,NridgHt,1Story,VinylSd,465000
7,1740,3.0,874.0,1721.0,1740,2006,2,2006,8,12228,NridgHt,1Story,VinylSd,293000
9,1868,3.0,1085.0,1868.0,1868,2005,2,2005,7,14780,NridgHt,1Story,VinylSd,415000
9,1850,3.0,772.0,1833.0,1850,2004,2,2005,8,16033,NridgHt,1Story,VinylSd,326000
8,2376,3.0,853.0,1158.0,1158,2005,3,2006,9,14215,NridgHt,2Story,VinylSd,325300
8,2452,3.0,691.0,1117.0,1132,2004,3,2005,9,13418,NridgHt,2Story,VinylSd,309000
9,2206,3.0,670.0,1090.0,1117,2005,2,2006,10,13975,NridgHt,2Story,VinylSd,300000
8,2098,3.0,878.0,1030.0,1038,2005,2,2005,8,10240,NridgHt,2Story,VinylSd,275500
9,2091,2.0,521.0,1606.0,1625,2005,2,2006,8,9942,NridgHt,2Story,MetalSd,338500
9,2324,3.0,736.0,1175.0,1182,2005,3,2006,11,11924,NridgHt,2Story,WdShing,345000
8,2253,2.0,575.0,1209.0,1209,2005,2,2006,8,12867,NridgHt,2Story,CemntBd,344133
8,2389,3.0,672.0,1054.0,1054,2006,2,2006,10,10672,NridgHt,2Story,VinylSd,298236
8,2358,3.0,784.0,1524.0,1544,2005,2,2006,10,11643,NridgHt,2Story,MetalSd,329900
9,1944,3.0,708.0,1896.0,1944,2003,2,2004,8,12378,NridgHt,1Story,VinylSd,360000
8,1970,3.0,753.0,1085.0,1120,2006,2,2006,8,11065,NridgHt,2Story,VinylSd,281000
9,1792,3.0,925.0,1792.0,1792,2005,2,2006,6,13758,NridgHt,1Story,VinylSd,372397
9,1780,3.0,816.0,1780.0,1780,2004,2,2005,7,14828,NridgHt,1Story,MetalSd,378000
9,1792,3.0,874.0,1792.0,1792,2003,2,2004,6,11846,NridgHt,1Story,VinylSd,374000
9,2728,3.0,706.0,1848.0,1848,2005,2,2006,10,20431,NridgHt,2Story,CemntBd,437154
8,1904,2.0,736.0,1058.0,1058,2005,2,2005,8,10927,NridgHt,2Story,VinylSd,275000
8,1914,3.0,746.0,1420.0,1426,2004,2,2004,9,13215,NridgHt,2Story,VinylSd,279000
7,1364,2.0,484.0,1364.0,1364,2005,2,2005,6,7052,NridgHt,1Story,VinylSd,185850
9,1565,2.0,556.0,1560.0,1565,2005,2,2005,6,5911,NridgHt,1Story,MetalSd,282500
7,1368,2.0,474.0,1368.0,1368,2005,2,2006,6,6955,NridgHt,1Story,VinylSd,202500
7,1368,2.0,474.0,1368.0,1368,2005,2,2006,6,6792,NridgHt,1Story,VinylSd,202665
9,1686,3.0,899.0,1686.0,1686,2006,2,2006,6,7740,NridgHt,1Story,MetalSd,332200
9,1666,2.0,575.0,1666.0,1666,2006,2,2006,6,6373,NridgHt,1Story,MetalSd,310090
7,1405,2.0,478.0,1405.0,1405,2003,2,2003,6,3136,NridgHt,1Story,VinylSd,171750
6,1316,2.0,397.0,1316.0,1316,2005,2,2006,6,10237,Gilbert,1Story,VinylSd,169990
6,1456,2.0,390.0,728.0,728,2005,2,2006,8,10237,Gilbert,2Story,VinylSd,170440
7,1492,2.0,440.0,738.0,738,2006,2,2006,8,10237,Gilbert,2Story,VinylSd,169985
7,1496,2.0,426.0,654.0,664,2006,2,2006,7,17104,Gilbert,2Story,VinylSd,179665
7,1863,3.0,660.0,879.0,879,2006,2,2006,9,14054,Gilbert,2Story,VinylSd,219210
6,1326,2.0,427.0,1326.0,1326,2006,2,2006,6,11660,Gilbert,1Story,VinylSd,174190
6,1456,2.0,429.0,728.0,728,2006,2,2006,8,15578,Gilbert,2Story,VinylSd,172785
8,2373,3.0,632.0,1052.0,1052,2004,2,2005,9,11631,Gilbert,2Story,VinylSd,258000
7,1492,2.0,440.0,738.0,738,2006,2,2006,8,9073,Gilbert,2Story,VinylSd,185101
7,1364,2.0,437.0,1220.0,1364,2006,2,2006,6,3087,Blmngtn,1Story,VinylSd,210250
7,1557,2.0,420.0,1374.0,1557,2003,2,2004,7,3196,Blmngtn,1Story,VinylSd,234000
8,1456,2.0,400.0,1273.0,1456,2003,2,2003,7,3196,Blmngtn,1Story,VinylSd,215000
7,1511,2.0,398.0,1368.0,1511,2002,2,2002,5,2938,Blmngtn,1Story,VinylSd,246990
7,1414,2.0,398.0,1375.0,1414,2004,2,2004,6,3072,Blmngtn,1Story,VinylSd,178740
7,1548,2.0,388.0,1365.0,1548,2004,2,2004,7,3072,Blmngtn,1Story,VinylSd,225000
7,1248,2.0,438.0,1248.0,1248,2005,2,2006,5,3010,Blmngtn,1Story,VinylSd,167240
7,1142,2.0,440.0,1142.0,1142,2005,2,2006,6,3010,Blmngtn,1Story,VinylSd,156820
7,1506,2.0,440.0,1362.0,1506,2005,2,2005,6,3013,Blmngtn,1Story,VinylSd,213490
8,1567,3.0,648.0,1520.0,1567,2006,2,2006,7,3982,Blmngtn,1Story,VinylSd,264561
7,1500,3.0,648.0,1356.0,1500,2006,2,2006,6,4045,Blmngtn,1Story,VinylSd,246578
5,1838,2.0,372.0,732.0,734,2005,2,2005,7,21930,Gilbert,2Story,VinylSd,192140
6,1509,2.0,393.0,783.0,807,2002,2,2003,7,7861,Gilbert,2Story,VinylSd,183200
8,1414,2.0,403.0,707.0,707,2004,2,2004,6,9056,Gilbert,2Story,VinylSd,178000
7,1598,2.0,433.0,848.0,848,2004,2,2005,7,9171,Gilbert,2Story,VinylSd,201490
8,1936,2.0,504.0,1406.0,1454,2000,2,2000,7,11194,Gilbert,2Story,VinylSd,230500
7,1509,2.0,393.0,783.0,807,2003,2,2003,8,7875,Gilbert,2Story,VinylSd,180000
6,1664,2.0,460.0,953.0,953,2000,2,2000,7,8121,Gilbert,2Story,VinylSd,172400
6,1889,2.0,431.0,982.0,1008,2000,2,2000,9,8658,Gilbert,2Story,VinylSd,215000
7,1886,2.0,431.0,930.0,956,1998,2,1999,10,11214,Gilbert,2Story,VinylSd,199900
6,1671,2.0,472.0,959.0,959,2000,2,2000,7,10852,Gilbert,2Story,VinylSd,173000
7,2322,3.0,617.0,1035.0,1082,2006,3,2006,8,12104,Gilbert,2Story,VinylSd,287602
7,2291,2.0,429.0,975.0,1005,1999,2,1999,8,8738,Gilbert,2Story,VinylSd,230000
8,2392,3.0,870.0,1396.0,1407,1997,2,1998,7,9452,NoRidge,2Story,VinylSd,348000
8,1976,3.0,885.0,1044.0,1079,1998,2,1998,7,9660,NoRidge,2Story,VinylSd,286000
8,2234,3.0,768.0,1160.0,1205,2000,2,2000,7,9545,NoRidge,2Story,VinylSd,300000
10,3627,3.0,807.0,1930.0,1831,1995,3,1996,10,35760,NoRidge,2Story,HdBoard,625000
9,2855,3.0,774.0,1540.0,1540,2000,2,2000,9,9233,NoRidge,2Story,VinylSd,405000
8,1924,2.0,592.0,1086.0,1086,1998,2,1998,7,12011,NoRidge,2Story,VinylSd,280000
8,2263,2.0,420.0,1141.0,1165,1998,2,1998,10,12090,NoRidge,2Story,VinylSd,258000
8,2726,3.0,725.0,1342.0,1358,1995,2,1995,9,10019,NoRidge,2Story,VinylSd,350000
9,3500,3.0,959.0,1733.0,1933,1993,3,1994,11,17242,NoRidge,2Story,MetalSd,584500
8,2494,3.0,803.0,1290.0,1305,1994,2,1995,9,10236,NoRidge,2Story,VinylSd,321000
8,2526,3.0,844.0,1165.0,1203,1994,2,1994,8,10120,NoRidge,2Story,VinylSd,290000
8,2799,3.0,704.0,1286.0,1565,1993,2,1993,8,12585,NoRidge,2Story,HdBoard,315000
8,1964,2.0,760.0,1100.0,1116,2005,2,2006,8,12447,Somerst,2Story,CemntBd,252000
8,1670,3.0,928.0,1670.0,1670,2006,2,2006,6,15218,Somerst,1Story,VinylSd,336820
8,2097,3.0,1134.0,2077.0,2097,2005,1,2006,8,20896,Somerst,1Story,VinylSd,423000
8,1660,2.0,500.0,1660.0,1660,2006,2,2006,8,10182,Somerst,1Story,VinylSd,290000
7,1616,3.0,834.0,1616.0,1616,2005,2,2005,7,8688,Somerst,1Story,VinylSd,232000
8,1504,2.0,510.0,1504.0,1504,2006,2,2006,7,10936,Somerst,1Story,VinylSd,199000
8,1278,2.0,584.0,1278.0,1278,2006,2,2006,5,8640,Somerst,1Story,VinylSd,198600
9,2640,3.0,792.0,2036.0,2036,2006,3,2006,11,13162,Somerst,2Story,VinylSd,405749
8,1489,2.0,776.0,1489.0,1489,2006,2,2006,7,11216,Somerst,1Story,VinylSd,232600
8,1939,3.0,1053.0,1095.0,1095,2006,2,2006,8,10728,Somerst,2Story,VinylSd,266000
7,1553,2.0,615.0,756.0,756,2005,2,2006,6,8125,Somerst,2Story,VinylSd,186500
6,1716,2.0,615.0,858.0,858,2005,2,2005,7,8125,Somerst,2Story,VinylSd,200825
7,1576,2.0,614.0,770.0,778,2006,2,2006,6,8125,Somerst,2Story,VinylSd,197000
6,1262,2.0,572.0,1262.0,1262,2006,2,2006,5,7200,Somerst,1Story,VinylSd,185000
7,1266,2.0,453.0,1257.0,1266,2005,2,2005,6,7500,Somerst,1Story,VinylSd,176000
7,1301,2.0,572.0,1293.0,1301,2006,2,2006,5,7200,Somerst,1Story,VinylSd,187750
6,1142,0.0,0.0,1142.0,1142,2005,1,2005,5,7733,SawyerW,1Story,VinylSd,139500
7,1400,2.0,612.0,1400.0,1400,2005,2,2006,6,11024,SawyerW,1Story,VinylSd,186800
6,1131,0.0,0.0,1131.0,1131,2005,1,2006,6,13072,SawyerW,1Story,VinylSd,132000
6,1141,2.0,484.0,1141.0,1141,2005,1,2005,6,13072,SawyerW,1Story,VinylSd,142500
6,1158,2.0,576.0,1158.0,1158,2004,1,2004,5,13072,SawyerW,1Story,VinylSd,158000
7,1686,2.0,462.0,891.0,891,2005,2,2005,8,7800,SawyerW,2Story,VinylSd,184000
7,1585,2.0,449.0,784.0,831,2005,2,2005,7,7632,SawyerW,2Story,VinylSd,184900
6,1837,2.0,688.0,941.0,941,1997,2,1998,7,8304,SawyerW,2Story,VinylSd,187000
6,1603,2.0,484.0,761.0,810,1992,2,1992,7,7153,SawyerW,2Story,VinylSd,175900
6,1731,2.0,462.0,836.0,844,1992,2,1993,7,9370,SawyerW,2Story,HdBoard,248500
6,1398,2.0,542.0,1398.0,1398,1990,2,1991,5,7175,SawyerW,1Story,Plywood,172000
6,1217,2.0,484.0,1217.0,1217,1991,2,1991,5,7175,SawyerW,1Story,Plywood,151000
6,1320,2.0,472.0,636.0,636,1994,2,1994,6,9019,SawyerW,2Story,VinylSd,150000
4,1056,1.0,384.0,1056.0,1056,1966,1,1966,5,8900,SawyerW,1Story,HdBoard,107000
5,965,1.0,300.0,828.0,965,1965,1,1965,6,7800,SawyerW,1Story,VinylSd,119900
5,988,2.0,624.0,988.0,988,1962,1,1962,6,9100,Sawyer,1Story,Wd Sdng,129500
5,1728,2.0,504.0,1728.0,1728,1963,2,1963,10,9100,Sawyer,1Story,HdBoard,125000
6,1654,2.0,528.0,0.0,1286,1977,2,1977,10,8927,Sawyer,1.5Fin,VinylSd,119500
5,1211,2.0,576.0,864.0,1211,1962,1,2002,6,9240,Sawyer,1Story,HdBoard,144000
6,1212,2.0,492.0,506.0,1212,1977,1,1995,6,8471,Sawyer,SLvl,HdBoard,151000
5,984,1.0,310.0,984.0,984,1965,1,1965,5,9308,Sawyer,1Story,HdBoard,126000
5,909,1.0,294.0,882.0,909,1968,1,1968,5,8450,Sawyer,1Story,Plywood,116000
5,925,2.0,484.0,925.0,925,1963,1,1963,5,8638,Sawyer,1Story,HdBoard,133500
5,1024,1.0,308.0,1024.0,1024,1965,1,1965,5,13052,Sawyer,1Story,HdBoard,120875
5,935,1.0,288.0,935.0,935,1965,1,1965,5,13526,Sawyer,1Story,HdBoard,137000
5,912,0.0,0.0,912.0,912,1964,1,1964,6,8020,Sawyer,1Story,HdBoard,124000
5,1236,1.0,288.0,912.0,1236,1961,1,1994,6,6993,Sawyer,1Story,HdBoard,135000
5,941,1.0,288.0,912.0,941,1967,1,1967,6,8789,Sawyer,1Story,VinylSd,129200
7,2646,2.0,550.0,1748.0,2151,1974,2,1974,9,14330,Veenker,SLvl,WdShing,260000
8,2417,2.0,462.0,1288.0,1301,1991,2,1992,9,16059,NoRidge,2Story,HdBoard,260000
8,2826,3.0,888.0,1334.0,1520,1992,2,1993,9,11025,NoRidge,2Story,HdBoard,334000
8,2520,3.0,796.0,1338.0,1352,1993,2,1993,10,14541,NoRidge,2Story,MetalSd,310000
7,2295,2.0,590.0,1095.0,1166,1992,2,2000,9,13346,NoRidge,2Story,HdBoard,268000
8,1624,3.0,757.0,1624.0,1624,1994,2,1995,5,12461,NoRidge,1Story,ImStucc,262000
7,1143,2.0,588.0,1143.0,1143,2004,1,2004,5,3628,Somerst,1Story,MetalSd,176400
8,1247,2.0,550.0,1247.0,1247,2005,1,2005,4,3316,Somerst,1Story,MetalSd,197000
7,1200,2.0,480.0,600.0,520,2005,2,2005,4,3180,Somerst,2Story,MetalSd,151000
7,1223,2.0,480.0,600.0,520,2005,2,2005,4,2544,Somerst,2Story,MetalSd,147400
7,1223,2.0,480.0,600.0,520,2005,2,2005,4,2544,Somerst,2Story,MetalSd,149900
7,1200,2.0,480.0,600.0,520,2005,2,2005,4,3180,Somerst,2Story,MetalSd,144152
6,1524,2.0,440.0,756.0,768,2000,2,2000,4,2998,Somerst,2Story,MetalSd,166000
7,1452,2.0,506.0,691.0,713,1999,2,1999,6,3735,Somerst,2Story,MetalSd,183900
7,1382,2.0,490.0,673.0,673,2000,2,2000,6,2651,Somerst,2Story,MetalSd,165000
7,1080,2.0,496.0,530.0,530,2003,2,2003,4,4447,Somerst,2Story,VinylSd,139000
7,1694,1.0,434.0,569.0,854,1997,2,1998,6,8314,Somerst,2Story,Wd Sdng,200000
8,1568,2.0,564.0,1568.0,1568,2001,2,2002,6,7180,Somerst,1Story,CemntBd,221000
8,1494,2.0,481.0,1494.0,1494,1995,1,1996,6,9549,Veenker,1Story,BrkFace,270000
6,1208,2.0,546.0,1208.0,1208,1977,1,1977,6,11250,Veenker,1Story,Plywood,165000
8,1235,2.0,484.0,1235.0,1235,1980,1,1980,4,3760,Greens,1Story,Wd Sdng,214000
8,1036,2.0,484.0,1036.0,1036,1980,1,1980,4,3640,Greens,1Story,Wd Sdng,188000
8,1226,2.0,484.0,1226.0,1226,1980,1,1980,4,3874,Greens,1Story,Wd Sdng,190000
8,1226,2.0,484.0,1226.0,1226,1978,1,1978,4,3876,Greens,1Story,Wd Sdng,170000
9,1842,3.0,894.0,1842.0,1842,1981,0,1987,5,50271,Veenker,1Story,WdShing,385000
5,1193,2.0,501.0,1153.0,1193,1972,2,1972,6,13110,NWAmes,1Story,Plywood,146500
7,1920,2.0,487.0,570.0,1222,1968,3,1992,8,10192,NWAmes,SLvl,MetalSd,170000
7,2156,2.0,508.0,1568.0,2156,1968,2,2003,9,20781,NWAmes,1Story,BrkFace,262500
6,1416,2.0,776.0,708.0,708,1968,2,1968,7,11700,NWAmes,2Story,HdBoard,179900
6,2654,2.0,619.0,1054.0,1512,1968,2,1984,9,11029,NWAmes,2Story,HdBoard,250000
6,1790,2.0,484.0,732.0,1012,1972,1,1972,8,10400,NWAmes,2Story,VinylSd,165150
7,1334,2.0,477.0,1334.0,1334,1967,2,1967,7,10140,NWAmes,1Story,HdBoard,164500
7,1164,2.0,528.0,1164.0,1164,1969,1,1969,6,9600,NWAmes,1Story,HdBoard,140000
5,980,1.0,384.0,980.0,980,1967,2,1967,6,9750,NAmes,SLvl,VinylSd,135500
5,1051,2.0,504.0,1051.0,1051,1968,1,1968,6,9600,NAmes,1Story,MetalSd,142000
5,1770,2.0,530.0,900.0,884,1968,1,1968,7,8640,NAmes,2Story,HdBoard,155000
6,976,2.0,504.0,976.0,976,1968,1,2004,4,9360,NAmes,1Story,HdBoard,157500
5,1052,1.0,288.0,1052.0,1052,1968,1,1968,5,8400,NAmes,1Story,HdBoard,138500
5,898,1.0,326.0,833.0,898,1968,1,1968,6,8400,NAmes,SFoyer,HdBoard,140000
5,1051,1.0,264.0,1051.0,1051,1966,1,1966,6,9759,NAmes,1Story,Plywood,124400
5,1141,1.0,568.0,1141.0,1141,1967,1,1967,6,9600,NAmes,SLvl,MetalSd,158000
5,1200,2.0,884.0,864.0,1200,1965,1,1998,6,9230,NAmes,1Story,MetalSd,146000
6,1993,2.0,495.0,825.0,1097,1971,2,1971,8,14803,NWAmes,2Story,HdBoard,190000
5,1050,1.0,368.0,1050.0,1050,1961,1,1961,6,10659,NAmes,1Story,Wd Sdng,136500
5,864,2.0,624.0,864.0,864,1958,1,1958,5,9100,NAmes,1Story,VinylSd,129900
5,1712,2.0,588.0,1626.0,1712,1959,2,2005,8,8393,NAmes,1Story,MetalSd,145000
6,1565,1.0,299.0,1187.0,1565,1965,2,2000,7,8800,NAmes,1Story,BrkFace,185900
6,1251,1.0,461.0,1251.0,1251,1964,1,1964,6,8800,NAmes,1Story,HdBoard,160000
6,1488,2.0,430.0,1008.0,1488,1964,1,1964,7,10368,NAmes,1Story,HdBoard,167000
5,1440,2.0,480.0,720.0,720,1964,1,1964,7,9350,NAmes,2Story,HdBoard,157500
6,1095,1.0,264.0,588.0,1095,1958,1,1958,6,10382,NAmes,SLvl,HdBoard,140000
5,1053,2.0,750.0,1008.0,1053,1958,1,1991,6,8973,NAmes,1Story,Plywood,150000
5,1248,1.0,286.0,1248.0,1248,1960,1,1960,6,10800,NAmes,1Story,Wd Sdng,151500
6,816,1.0,240.0,816.0,816,1934,1,1950,4,8550,NAmes,1Story,MetalSd,129800
5,1008,1.0,275.0,1008.0,1008,1954,1,1954,4,11425,NAmes,1Story,BrkFace,137000
5,1043,1.0,273.0,938.0,1043,1947,1,1950,5,9724,NAmes,1Story,BrkFace,137000
4,1230,1.0,305.0,747.0,774,1946,1,1950,5,4712,BrkSide,1.5Fin,MetalSd,121600
4,869,0.0,0.0,440.0,869,1923,1,1958,4,5900,BrkSide,1Story,Wd Sdng,85500
4,747,2.0,528.0,600.0,747,1926,1,1953,5,5825,BrkSide,1Story,MetalSd,79900
5,1252,2.0,576.0,504.0,936,1908,1,1991,5,7438,BrkSide,1.5Fin,AsbShng,127000
5,1433,2.0,441.0,1251.0,1433,1961,1,1990,7,9600,NAmes,1Story,WdShing,161000
5,1624,1.0,240.0,1444.0,1624,1952,1,1952,6,10858,NAmes,1Story,Wd Sdng,146500
5,1216,1.0,280.0,1056.0,1216,1951,1,1951,7,9600,NAmes,1Story,HdBoard,135000
5,2136,2.0,528.0,2136.0,2136,1951,2,1951,7,10680,NAmes,1Story,Wd Sdng,137900
6,1578,1.0,240.0,806.0,958,1941,1,1950,5,9490,NAmes,1.5Fin,Wd Sdng,133000
5,1728,1.0,234.0,704.0,1024,1949,1,1973,7,9462,NAmes,2Story,Wd Sdng,137000
5,936,1.0,240.0,936.0,936,1954,1,1975,5,9888,NAmes,1Story,MetalSd,121000
5,1584,2.0,506.0,1584.0,1584,1967,2,1967,8,8917,NAmes,1Story,Plywood,119000
6,1246,2.0,441.0,1246.0,1246,1964,1,1964,6,12700,NAmes,SLvl,HdBoard,172000
5,1235,2.0,480.0,1235.0,1235,1961,1,1961,6,8500,NAmes,1Story,HdBoard,98600
7,2157,2.0,487.0,924.0,1216,1966,2,1966,8,14200,NAmes,2Story,MetalSd,226000
5,1128,1.0,286.0,936.0,1128,1954,1,1954,5,9000,NAmes,1Story,Wd Sdng,118000
8,3112,2.0,795.0,1360.0,1360,1918,2,1990,8,25419,NAmes,2Story,Stucco,235000
6,1008,2.0,430.0,1008.0,1008,1963,1,1963,5,9723,NAmes,1Story,MetalSd,135000
5,1190,2.0,540.0,1106.0,1190,1962,1,1962,6,7728,NAmes,SLvl,Wd Sdng,132500
5,1144,1.0,796.0,1144.0,1144,1959,1,1959,6,8163,NAmes,SLvl,HdBoard,143000
5,1364,1.0,331.0,1179.0,1364,1957,1,1957,6,8400,NAmes,1Story,BrkFace,132000
6,1383,1.0,292.0,1383.0,1383,1960,1,1960,7,11600,NAmes,1Story,Wd Sdng,145250
6,1336,2.0,488.0,1121.0,1336,1958,1,1958,7,9610,NAmes,1Story,Wd Sdng,162000
5,1370,1.0,300.0,1058.0,1370,1956,1,1956,6,10000,NAmes,SLvl,Wd Sdng,148000
5,1092,1.0,299.0,1092.0,1092,1957,1,1957,6,14850,NAmes,1Story,Wd Sdng,141000
6,1124,1.0,353.0,1124.0,1124,1956,1,1994,6,10152,NAmes,1Story,Wd Sdng,153000
5,1236,1.0,447.0,1070.0,1236,1957,1,1996,6,10011,NAmes,1Story,HdBoard,134450
5,943,2.0,600.0,943.0,943,1979,1,1979,4,7032,NAmes,SFoyer,MetalSd,135960
6,1050,1.0,286.0,1050.0,1050,1954,1,2000,6,8092,NAmes,1Story,Wd Sdng,156000
6,1375,2.0,451.0,1367.0,1375,1954,1,1954,5,11310,NAmes,1Story,Wd Sdng,140000
5,1008,1.0,280.0,1008.0,1008,1952,1,2003,4,12778,NAmes,1Story,MetalSd,139500
6,1575,2.0,400.0,216.0,1575,1951,1,1951,5,10170,NAmes,1Story,Wd Sdng,155000
5,1145,2.0,684.0,301.0,1145,1956,1,1956,6,7700,NAmes,SLvl,VinylSd,127000
5,1005,1.0,319.0,1005.0,1005,1956,1,1956,6,11050,NAmes,1Story,Wd Sdng,133500
5,1056,1.0,300.0,1056.0,1056,1955,1,1955,6,13600,NAmes,1Story,HdBoard,125000
5,884,1.0,270.0,884.0,884,1951,1,1991,4,15428,NAmes,1Story,MetalSd,142000
7,2039,3.0,791.0,929.0,2039,1941,1,1963,7,21299,NAmes,1Story,BrkFace,167000
5,1384,2.0,896.0,1015.0,1384,1956,1,2001,6,13300,NAmes,1Story,Wd Sdng,159000
5,2640,3.0,1008.0,2171.0,1392,1925,2,1975,10,22136,OldTown,1.5Fin,MetalSd,180000
6,1312,2.0,649.0,784.0,900,1947,1,1950,6,7500,NAmes,1.5Fin,VinylSd,127000
6,1310,1.0,398.0,617.0,865,1924,2,1950,6,7000,OldTown,1.5Fin,MetalSd,112000
3,713,1.0,371.0,713.0,713,1930,1,2001,5,10410,OldTown,1Story,VinylSd,99800
5,833,1.0,326.0,833.0,833,1954,1,2000,4,5400,OldTown,1Story,MetalSd,117000
5,1073,1.0,326.0,1073.0,1073,1921,1,1968,4,5400,OldTown,1Story,MetalSd,108480
3,715,2.0,660.0,715.0,715,1929,1,1950,4,10914,NAmes,1Story,Wd Sdng,68000
4,720,1.0,280.0,448.0,448,1900,1,1998,5,7008,OldTown,1.5Fin,MetalSd,86900
5,1130,2.0,720.0,1120.0,1130,1920,1,1950,5,10800,OldTown,1Story,Stucco,120000
6,1595,2.0,528.0,663.0,774,1915,2,1950,7,7200,OldTown,2Story,MetalSd,155500
4,1760,2.0,648.0,1077.0,981,1910,1,1950,7,10818,OldTown,1.5Fin,VinylSd,80000
3,1214,3.0,936.0,672.0,694,1915,1,1950,6,10410,OldTown,1.5Fin,Wd Sdng,105000
5,2414,2.0,520.0,954.0,1766,1900,2,1970,10,10800,OldTown,1.5Fin,Wd Sdng,160000
5,1466,2.0,566.0,796.0,1096,1936,2,1989,7,10800,OldTown,1.5Fin,Wd Sdng,170000
6,1324,2.0,440.0,1088.0,1324,1965,2,1965,6,8658,NAmes,1Story,Wd Sdng,160000
5,1086,2.0,484.0,1024.0,1086,1966,1,1966,6,13400,NAmes,SLvl,VinylSd,159950
6,1146,1.0,294.0,1083.0,1146,1963,1,1963,6,10184,NAmes,SLvl,HdBoard,165000
6,1734,2.0,440.0,912.0,1085,1962,1,1981,7,9786,NAmes,1.5Fin,Wd Sdng,159000
6,1207,1.0,264.0,1135.0,1207,1962,1,1985,6,9510,NAmes,1Story,HdBoard,147000
5,912,1.0,288.0,912.0,912,1964,1,1964,5,7800,NAmes,1Story,Wd Sdng,115000
6,1194,2.0,539.0,655.0,1194,1959,1,1959,6,8910,NAmes,1Story,BrkFace,159500
6,864,1.0,288.0,864.0,864,1959,1,1959,4,7332,NAmes,1Story,WdShing,120000
5,816,1.0,308.0,816.0,816,1957,1,1957,5,7100,NAmes,1Story,WdShing,129900
6,1773,2.0,418.0,1313.0,1773,1961,2,1992,6,10800,NAmes,1Story,HdBoard,183000
7,1472,2.0,484.0,0.0,1472,1959,2,1959,5,11650,NAmes,1Story,Plywood,157500
7,2448,2.0,441.0,1438.0,1900,1962,3,1998,9,18275,NAmes,2Story,Plywood,277500
5,1600,1.0,319.0,1484.0,1600,1957,1,1997,6,16321,NAmes,1Story,MetalSd,207500
4,1521,1.0,597.0,910.0,910,1950,1,1950,6,12144,NAmes,1.5Fin,BrkComm,147500
4,1192,0.0,0.0,720.0,720,1949,1,1950,6,10800,NAmes,1.5Fin,AsbShng,135000
5,1040,2.0,625.0,0.0,1040,1950,1,1950,5,7200,NAmes,1Story,Wd Sdng,109500
4,1040,2.0,420.0,0.0,1040,1950,1,1950,4,7200,NAmes,1Story,BrkFace,109900
5,1040,1.0,286.0,1040.0,1040,1959,1,1959,6,7560,NAmes,1Story,BrkFace,133700
3,1040,2.0,400.0,0.0,1040,1950,2,1950,6,8544,NAmes,1Story,BrkFace,81400
3,1040,2.0,400.0,0.0,1040,1949,2,1950,6,8544,NAmes,1Story,Stucco,87500
3,1040,2.0,400.0,0.0,1040,1950,2,1950,6,8544,NAmes,1Story,Stucco,93500
5,1556,0.0,0.0,1556.0,1556,1960,2,1960,8,8512,NAmes,1Story,BrkFace,119000
5,1150,1.0,300.0,1150.0,1150,1959,1,1959,6,7945,NAmes,1Story,BrkFace,141000
5,1150,1.0,288.0,1150.0,1150,1961,1,1961,6,7000,NAmes,1Story,BrkFace,146000
6,1348,2.0,453.0,660.0,660,1966,1,1966,6,7590,NAmes,2Story,VinylSd,155000
5,999,1.0,300.0,925.0,999,1962,1,1962,6,10205,NAmes,SFoyer,MetalSd,134500
7,1045,2.0,528.0,1045.0,1045,1962,1,1962,6,7400,NAmes,1Story,Wd Sdng,120000
5,864,1.0,336.0,864.0,864,1962,1,1962,5,7000,NAmes,1Story,Wd Sdng,105000
5,1025,0.0,0.0,1025.0,1025,1962,1,1962,6,7000,NAmes,SFoyer,MetalSd,124000
5,2014,2.0,624.0,716.0,1007,1900,2,2005,8,9856,OldTown,2Story,CemntBd,169000
4,1328,1.0,210.0,686.0,810,1925,1,1950,8,9906,OldTown,2Story,MetalSd,107000
5,1668,1.0,240.0,1212.0,1226,1948,1,1950,6,9600,OldTown,1.5Fin,MetalSd,135000
4,1657,1.0,162.0,1147.0,1147,1920,1,1980,9,5520,OldTown,1.5Fin,Wd Sdng,111500
6,1416,2.0,400.0,780.0,940,1900,1,2004,7,9600,OldTown,1.5Fin,Wd Sdng,156500
7,1641,2.0,546.0,728.0,832,1925,1,1990,6,9600,OldTown,2Story,Wd Sdng,178000
7,1428,2.0,576.0,712.0,848,1900,1,1970,7,6451,OldTown,2Story,AsbShng,139900
7,1004,1.0,200.0,502.0,502,1930,1,1950,5,3960,OldTown,2Story,Wd Sdng,105000
6,813,1.0,270.0,813.0,813,1930,1,2005,5,5684,OldTown,1Story,Wd Sdng,110000
4,1951,2.0,576.0,938.0,1084,1900,2,1950,9,7745,OldTown,1.5Fin,MetalSd,111500
6,1032,1.0,280.0,1032.0,1032,1924,1,1950,5,7741,OldTown,1Story,MetalSd,108000
5,844,1.0,216.0,844.0,844,1925,1,1950,5,5633,OldTown,1Story,MetalSd,111500
5,1750,1.0,240.0,636.0,1089,1880,1,1991,8,9000,OldTown,2Story,VinylSd,124000
4,864,1.0,528.0,576.0,864,1950,1,1950,5,7200,OldTown,1Story,MetalSd,105000
6,1118,2.0,440.0,648.0,734,1920,1,1950,6,4400,OldTown,1.5Fin,Stucco,116000
3,1376,1.0,216.0,738.0,714,1905,1,1950,7,7614,OldTown,2Story,MetalSd,96900
5,960,2.0,576.0,960.0,960,1955,1,1955,5,6000,OldTown,1Story,Wd Sdng,135500
5,1566,2.0,450.0,816.0,816,1924,1,1950,7,6000,OldTown,1.5Fin,MetalSd,139000
3,492,1.0,200.0,492.0,492,1921,1,1950,3,7830,OldTown,1Story,AsbShng,61500
6,1182,1.0,378.0,770.0,885,1945,1,1950,5,9576,OldTown,1.5Fin,VinylSd,120000
3,1163,1.0,220.0,1162.0,1163,1955,1,2005,6,5820,OldTown,1Story,VinylSd,126175
3,840,1.0,250.0,798.0,840,1920,1,1950,5,5747,OldTown,1Story,Wd Sdng,64000
6,1928,1.0,440.0,1020.0,908,1910,2,1950,9,9142,OldTown,2Story,AsbShng,137000
4,1774,3.0,779.0,1095.0,1095,1900,2,1950,8,9600,OldTown,2Story,AsbShng,87000
7,1768,2.0,320.0,880.0,880,1914,1,1970,6,10800,OldTown,2.5Unf,Wd Sdng,163000
7,2104,2.0,432.0,1226.0,1226,1910,2,2005,9,6300,OldTown,2.5Unf,Wd Sdng,155000
5,1440,1.0,352.0,540.0,889,1900,1,1950,6,5000,OldTown,1.5Fin,Wd Sdng,79000
7,1690,1.0,225.0,815.0,815,1916,1,1950,7,8850,OldTown,2.5Unf,MetalSd,144000
6,1368,1.0,216.0,684.0,684,1910,1,1993,7,3600,OldTown,2Story,VinylSd,114504
7,1762,2.0,576.0,596.0,998,1920,1,1950,8,7200,OldTown,2Story,Wd Sdng,157000
6,1200,1.0,312.0,1200.0,1200,1923,1,1950,7,11340,OldTown,1Story,Wd Sdng,125000
10,3608,3.0,840.0,1107.0,1518,1892,2,1993,12,22950,OldTown,2.5Fin,Wd Sdng,475000
5,1248,0.0,0.0,624.0,624,1920,2,1950,8,5976,OldTown,2Story,Wd Sdng,93500
5,960,2.0,624.0,960.0,960,1958,1,1958,5,9750,OldTown,1Story,HdBoard,125000
3,1020,0.0,0.0,1020.0,1020,1918,1,1950,5,4761,IDOTRR,1.5Unf,Wd Sdng,64500
4,788,0.0,0.0,788.0,788,1941,1,1950,4,7446,BrkSide,1Story,WdShing,100000
6,1577,1.0,312.0,972.0,972,1939,1,1950,6,6435,BrkSide,1.5Fin,MetalSd,140200
6,1827,1.0,240.0,848.0,1017,1924,1,1996,9,11737,BrkSide,2Story,BrkComm,202500
6,1664,2.0,420.0,1004.0,1004,1947,2,1950,7,5000,BrkSide,1.5Fin,CemntBd,159000
5,1118,2.0,410.0,793.0,793,1939,1,1950,5,7800,OldTown,1.5Fin,MetalSd,119900
6,1176,2.0,528.0,816.0,816,1934,1,1950,6,6240,BrkSide,1.5Fin,Wd Sdng,114500
5,1344,1.0,240.0,896.0,896,1936,1,1950,7,6240,BrkSide,1.5Fin,MetalSd,115000
3,1162,1.0,258.0,728.0,728,1930,1,1950,6,6120,BrkSide,1.5Fin,AsbShng,75000
5,1015,1.0,450.0,768.0,1015,1925,1,1950,6,6120,BrkSide,1Story,MetalSd,88000
4,912,0.0,0.0,0.0,672,1947,1,1950,3,6240,BrkSide,1.5Fin,AsbShng,80500
5,1576,1.0,225.0,1042.0,1042,1928,1,1950,8,6240,BrkSide,1.5Fin,MetalSd,149000
5,1324,1.0,180.0,741.0,741,1930,1,1984,7,6120,BrkSide,1.5Fin,MetalSd,110000
6,1103,2.0,440.0,1103.0,1103,1925,1,1980,5,6000,OldTown,1Story,MetalSd,110500
5,616,1.0,205.0,616.0,616,1921,1,1950,4,6000,BrkSide,1Story,Wd Sdng,89000
5,1048,1.0,280.0,993.0,1048,1922,1,1950,5,6380,BrkSide,1.5Unf,MetalSd,113000
5,816,1.0,210.0,816.0,816,1925,1,1950,4,11672,BrkSide,1Story,MetalSd,109000
6,2486,2.0,576.0,1595.0,1611,1962,2,1962,8,33120,OldTown,1.5Fin,BrkFace,220000
4,960,2.0,576.0,960.0,960,1970,1,1970,6,9873,BrkSide,1Story,HdBoard,129000
6,1635,1.0,255.0,485.0,1001,1910,1,2003,5,5310,OldTown,1.5Fin,VinylSd,117000
4,693,0.0,0.0,693.0,693,1941,1,1950,4,4118,OldTown,1Story,Wd Sdng,52500
4,1430,2.0,370.0,596.0,834,1924,2,1950,7,10320,IDOTRR,1.5Fin,MetalSd,107000
5,1330,1.0,390.0,396.0,665,1910,1,2004,7,7518,IDOTRR,2Story,AsbShng,116500
5,819,0.0,0.0,610.0,819,1919,1,1950,4,9000,IDOTRR,1Story,Wd Sdng,72000
6,1376,1.0,198.0,780.0,780,1937,2,1950,7,8600,IDOTRR,1.5Fin,MetalSd,119500
5,1360,1.0,297.0,803.0,803,1938,1,1995,6,7200,IDOTRR,1.5Fin,Wd Sdng,125500
3,1077,1.0,210.0,1007.0,1077,1922,1,1950,6,9786,IDOTRR,1Story,Wd Sdng,91000
6,754,0.0,0.0,520.0,520,1935,1,1982,5,6780,IDOTRR,1.5Fin,Wd Sdng,84500
6,984,1.0,308.0,984.0,984,1930,1,1950,6,7200,IDOTRR,1Story,VinylSd,90000
5,1422,1.0,288.0,806.0,1081,1951,1,1951,7,12375,Sawyer,1.5Fin,HdBoard,137500
6,1921,2.0,576.0,1921.0,1921,1964,2,1964,8,11136,Sawyer,1Story,BrkFace,150000
5,1640,2.0,394.0,0.0,1640,1950,1,1950,7,21370,Sawyer,1Story,Wd Sdng,131000
5,1352,1.0,288.0,1062.0,1352,1958,1,1958,6,6930,ClearCr,SLvl,Wd Sdng,130000
5,1032,1.0,260.0,0.0,1032,1935,1,1950,6,8250,Edwards,1Story,Wd Sdng,125000
5,879,1.0,180.0,830.0,879,1936,1,1950,4,5220,SWISU,1Story,Wd Sdng,80000
7,1073,1.0,246.0,1073.0,1073,2004,2,2004,4,5500,SWISU,1Story,VinylSd,157000
4,1382,2.0,459.0,1051.0,1382,1963,1,1979,6,11235,Sawyer,1Story,HdBoard,148000
4,1296,2.0,516.0,0.0,1296,1967,2,1967,6,10791,Sawyer,1Story,MetalSd,90000
6,1068,1.0,264.0,1059.0,1068,1963,1,2003,6,8414,Sawyer,1Story,HdBoard,154500
5,1064,2.0,528.0,1064.0,1064,1967,1,1967,6,11327,Sawyer,1Story,HdBoard,153600
5,1320,2.0,564.0,1164.0,1320,1966,1,1966,6,11777,Sawyer,SLvl,VinylSd,164500
6,934,1.0,336.0,912.0,934,1964,1,1964,4,10366,Sawyer,SLvl,HdBoard,132000
5,1059,1.0,286.0,1059.0,1059,1966,1,1966,6,9000,Sawyer,1Story,Plywood,142500
5,1159,1.0,336.0,1051.0,1159,1968,1,1968,7,11553,Sawyer,1Story,Plywood,158000
6,1400,2.0,440.0,672.0,672,1978,1,1978,6,7844,Sawyer,2Story,HdBoard,149500
5,1458,2.0,512.0,1176.0,1458,1967,1,1967,7,9535,Sawyer,1Story,HdBoard,165000
5,1721,2.0,440.0,1461.0,1721,1968,2,1993,7,10335,Sawyer,1Story,Plywood,180000
6,1040,2.0,616.0,960.0,1040,1978,1,1978,6,7176,Sawyer,SLvl,HdBoard,160500
5,1967,2.0,580.0,1967.0,1967,1977,2,1977,10,9662,Sawyer,1Story,Plywood,156500
5,1949,2.0,586.0,1949.0,1949,1977,2,1977,10,8235,Sawyer,1Story,Plywood,157000
5,1920,2.0,451.0,1052.0,1252,1958,2,1958,8,13650,Sawyer,1.5Fin,MetalSd,172500
5,1803,2.0,484.0,1134.0,1803,1957,2,2000,8,13125,Sawyer,1Story,Wd Sdng,155000
5,1779,2.0,454.0,1763.0,1779,1955,1,1974,6,17920,Sawyer,1Story,Wd Sdng,170000
5,872,1.0,322.0,872.0,872,1924,1,1950,5,17529,Sawyer,1Story,BrkFace,105000
4,960,1.0,364.0,648.0,960,1965,0,2001,3,10246,Sawyer,SLvl,VinylSd,145000
5,1437,2.0,576.0,1188.0,1437,1956,1,1987,6,14175,Sawyer,1Story,CemntBd,168000
7,1830,2.0,521.0,1865.0,1830,1967,1,1967,6,20355,ClearCr,1Story,Plywood,278000
5,1000,2.0,575.0,1000.0,1000,1963,1,1963,4,13050,ClearCr,1Story,WdShing,164000
7,2287,2.0,667.0,1304.0,1304,1953,2,1953,7,15593,ClearCr,1.5Fin,BrkFace,225000
5,810,2.0,576.0,782.0,810,1971,1,1972,4,10820,Sawyer,SFoyer,HdBoard,130000
5,894,2.0,440.0,864.0,894,1974,1,1974,5,13350,Sawyer,1Story,HdBoard,142500
7,1700,1.0,450.0,430.0,880,1980,2,1981,7,1700,ClearCr,1.5Fin,VinylSd,148400
7,1453,2.0,445.0,1453.0,1453,1986,1,1986,6,5271,ClearCr,1Story,Wd Sdng,190000
4,1350,2.0,504.0,967.0,1350,1954,1,1954,6,9375,Edwards,1Story,MetalSd,146000
5,1150,1.0,215.0,799.0,799,1942,1,1950,6,6488,Edwards,1.5Fin,BrkFace,128000
5,2008,1.0,230.0,896.0,1112,1948,3,2002,8,7800,Edwards,2Story,MetalSd,225000
6,2201,2.0,432.0,697.0,1575,1966,2,1966,8,19690,Edwards,SLvl,Plywood,274970
6,2009,3.0,795.0,672.0,1337,1928,2,1950,8,19950,Edwards,2Story,WdShing,235000
6,3672,2.0,836.0,1836.0,1836,1935,3,1990,7,19800,Edwards,2.5Unf,BrkFace,415000
5,1560,2.0,528.0,1776.0,1560,1962,2,1962,6,11679,Edwards,SLvl,Plywood,182000
5,1488,2.0,569.0,0.0,1488,1952,1,2002,7,12048,Edwards,1Story,Wd Sdng,135000
5,1057,1.0,288.0,1057.0,1057,1955,1,1999,6,10519,Edwards,1Story,MetalSd,137000
6,1855,1.0,325.0,994.0,1216,1954,2,1972,7,9525,Edwards,1.5Fin,Wd Sdng,136900
6,1609,1.0,305.0,1000.0,1068,1953,1,1953,7,9525,Edwards,1.5Fin,MetalSd,149900
5,1148,1.0,308.0,980.0,1148,1952,1,1952,6,6420,Edwards,1Story,Wd Sdng,123500
5,1124,0.0,0.0,0.0,1124,1954,1,1954,5,8335,Edwards,1Story,Wd Sdng,93000
5,1456,1.0,280.0,810.0,1002,1948,1,1950,7,7585,Edwards,1.5Fin,MetalSd,91500
6,1298,2.0,403.0,1298.0,1298,1985,2,1985,5,11200,SawyerW,1Story,Wd Sdng,180000
6,2559,2.0,506.0,868.0,1313,1989,2,1989,9,12128,SawyerW,2Story,HdBoard,209000
8,1911,2.0,471.0,777.0,1065,1993,2,1994,8,9554,SawyerW,2Story,VinylSd,215000
6,1440,4.0,920.0,1344.0,1440,1993,2,1993,8,9069,SawyerW,SFoyer,HdBoard,224500
7,1876,3.0,848.0,1308.0,1308,2005,2,2006,7,11003,CollgCr,2Story,VinylSd,229800
7,1208,2.0,632.0,1208.0,1208,2005,2,2005,6,7488,CollgCr,1Story,VinylSd,183600
7,1220,2.0,632.0,1199.0,1220,2006,2,2006,6,7406,CollgCr,1Story,VinylSd,194000
7,1294,2.0,662.0,1286.0,1294,2006,2,2006,6,6762,CollgCr,1Story,VinylSd,193879
7,1614,3.0,865.0,1614.0,1614,2005,2,2006,7,11210,CollgCr,1Story,VinylSd,221500
7,1498,2.0,675.0,1498.0,1498,2006,2,2006,5,8990,CollgCr,1Story,VinylSd,204900
7,1962,3.0,868.0,1391.0,1391,2006,2,2006,7,8760,CollgCr,2Story,VinylSd,239799
6,1846,2.0,495.0,1836.0,1846,2006,2,2006,7,13377,CollgCr,1Story,VinylSd,233555
7,1734,2.0,660.0,1734.0,1734,2005,2,2005,7,11645,CollgCr,1Story,VinylSd,260000
8,1590,3.0,754.0,1570.0,1590,2005,2,2006,6,11645,CollgCr,1Story,VinylSd,294900
7,1809,2.0,638.0,945.0,945,2005,2,2006,8,10984,CollgCr,2Story,VinylSd,209700
7,1614,2.0,576.0,1614.0,1614,2005,2,2005,7,9316,CollgCr,1Story,VinylSd,225000
7,1596,2.0,610.0,784.0,784,2005,2,2005,6,9316,CollgCr,2Story,VinylSd,181000
8,1915,2.0,506.0,908.0,927,1992,2,1992,8,10041,SawyerW,2Story,HdBoard,220000
5,1582,2.0,390.0,1624.0,1582,1964,2,1964,7,36500,ClearCr,1Story,Wd Sdng,190000
6,988,2.0,540.0,938.0,988,1969,1,1969,4,21453,ClearCr,SLvl,Plywood,180000
7,1533,2.0,576.0,1533.0,1533,1975,2,1975,5,70761,ClearCr,1Story,Plywood,280000
6,1388,2.0,522.0,1388.0,1388,1968,2,1968,6,12000,ClearCr,1Story,Plywood,158900
5,914,2.0,576.0,870.0,914,1996,1,1996,5,8846,CollgCr,SFoyer,VinylSd,148000
5,1100,2.0,462.0,1100.0,1100,1996,1,1996,5,13015,CollgCr,1Story,VinylSd,145000
6,1499,2.0,473.0,781.0,795,1995,2,1995,6,12438,CollgCr,2Story,VinylSd,187000
7,1425,2.0,591.0,1425.0,1425,1998,2,1998,5,8685,CollgCr,1Story,VinylSd,193000
5,990,2.0,576.0,990.0,990,1995,1,1995,5,13568,CollgCr,1Story,VinylSd,156000
7,1525,2.0,541.0,1525.0,1525,2000,2,2000,6,9100,CollgCr,1Story,VinylSd,235000
6,1494,2.0,576.0,1479.0,1494,1997,2,1997,6,9236,CollgCr,1Story,VinylSd,217000
7,1588,2.0,472.0,1588.0,1588,1999,2,1999,6,10264,CollgCr,1Story,VinylSd,214000
7,1749,2.0,515.0,842.0,856,1999,2,1999,7,9272,CollgCr,2Story,VinylSd,196000
7,1779,2.0,586.0,951.0,951,1999,2,2000,7,13426,CollgCr,2Story,VinylSd,217000
7,1861,2.0,492.0,916.0,920,2002,2,2002,8,13450,CollgCr,2Story,VinylSd,200000
7,1776,2.0,474.0,936.0,936,2002,2,2002,7,14006,CollgCr,2Story,VinylSd,192500
7,1541,3.0,843.0,1541.0,1541,2001,2,2002,6,13704,CollgCr,1Story,VinylSd,205000
5,954,2.0,576.0,911.0,954,1976,1,1976,6,10780,CollgCr,SLvl,MetalSd,132500
6,1388,1.0,317.0,675.0,686,1977,1,1977,6,8340,CollgCr,2Story,HdBoard,157500
6,1282,3.0,672.0,995.0,1282,1978,2,1978,6,10385,CollgCr,SLvl,HdBoard,174000
5,971,1.0,300.0,971.0,971,1969,1,1969,5,9920,CollgCr,1Story,HdBoard,128500
5,864,1.0,288.0,864.0,864,1972,1,1972,5,9560,CollgCr,1Story,MetalSd,128500
5,894,2.0,552.0,894.0,894,1972,1,1972,5,9800,CollgCr,1Story,VinylSd,149900
5,864,1.0,297.0,864.0,864,1972,1,1972,5,7200,CollgCr,1Story,VinylSd,119900
6,1320,2.0,484.0,630.0,630,1993,2,1994,5,3612,Landmrk,2Story,VinylSd,137000
8,1989,2.0,586.0,1065.0,1091,2002,2,2002,7,11367,CollgCr,2Story,VinylSd,255000
7,1762,2.0,591.0,826.0,878,2002,2,2002,6,9930,CollgCr,2Story,VinylSd,222000
6,1755,2.0,530.0,840.0,840,1999,2,1999,7,9468,CollgCr,2Story,VinylSd,214000
8,1358,2.0,418.0,1348.0,1358,2002,1,2002,5,11088,CollgCr,1Story,Stucco,220000
8,1787,3.0,748.0,1753.0,1787,2001,2,2002,7,14781,CollgCr,1Story,VinylSd,275000
7,1909,2.0,529.0,872.0,872,2002,2,2002,8,8726,CollgCr,2Story,VinylSd,197000
7,1654,3.0,900.0,1654.0,1654,2002,2,2002,6,8125,CollgCr,1Story,VinylSd,230000
8,2214,3.0,646.0,1090.0,1090,1999,2,1999,8,10566,CollgCr,2Story,VinylSd,268500
7,2049,2.0,467.0,1065.0,1065,1996,2,1997,9,21533,CollgCr,2Story,VinylSd,210900
7,1939,3.0,555.0,1054.0,1070,1998,2,1998,8,11250,CollgCr,2Story,VinylSd,227000
7,1995,2.0,610.0,930.0,950,1995,2,1996,8,11250,CollgCr,2Story,VinylSd,237000
7,2097,2.0,583.0,1108.0,1108,1998,2,1998,8,9750,CollgCr,2Story,VinylSd,274300
7,1836,2.0,484.0,1860.0,1836,2004,2,2005,8,9100,CollgCr,1Story,VinylSd,216837
6,848,2.0,420.0,848.0,848,2003,1,2003,4,4435,CollgCr,1Story,VinylSd,133000
6,848,2.0,420.0,848.0,848,2004,1,2004,3,4435,CollgCr,1Story,VinylSd,155900
8,1919,2.0,685.0,1079.0,1079,2006,2,2006,8,15611,CollgCr,2Story,VinylSd,233230
7,1390,2.0,545.0,1390.0,1390,2003,2,2003,7,8810,CollgCr,1Story,VinylSd,207000
7,1948,2.0,434.0,847.0,847,2004,2,2005,8,12393,CollgCr,2Story,VinylSd,195000
6,1700,2.0,544.0,1682.0,1700,2003,2,2003,7,9135,CollgCr,1Story,VinylSd,200000
7,1737,2.0,578.0,851.0,851,2006,2,2006,7,8581,CollgCr,2Story,VinylSd,203160
7,1611,2.0,572.0,784.0,784,2005,2,2005,6,8400,CollgCr,2Story,VinylSd,195800
7,1552,3.0,782.0,1552.0,1552,2005,2,2006,7,10084,CollgCr,1Story,VinylSd,212900
7,1720,2.0,565.0,860.0,860,2004,2,2004,7,11645,CollgCr,2Story,VinylSd,196500
7,1336,2.0,502.0,1336.0,1336,2005,2,2006,6,8772,CollgCr,1Story,VinylSd,198000
6,1500,2.0,564.0,750.0,750,2005,2,2006,6,8846,CollgCr,2Story,VinylSd,173900
6,1456,2.0,390.0,728.0,728,2005,2,2006,8,8461,CollgCr,2Story,VinylSd,163990
7,1310,2.0,400.0,1310.0,1310,2005,2,2005,6,8767,CollgCr,1Story,VinylSd,164990
4,1436,2.0,528.0,676.0,760,1910,2,2000,6,8777,Edwards,2Story,Plywood,98000
5,1466,2.0,528.0,1466.0,1466,1959,1,1959,6,17755,Edwards,1Story,HdBoard,149900
4,1220,2.0,396.0,836.0,1220,1951,1,1951,6,8877,Edwards,1Story,Wd Sdng,102000
6,1012,0.0,0.0,976.0,1012,1975,2,1975,4,7840,Edwards,SFoyer,Plywood,127500
6,980,0.0,0.0,945.0,980,1975,2,1975,4,9400,Edwards,SFoyer,WdShing,127500
5,1176,1.0,360.0,1176.0,1176,1969,1,1969,5,16133,Edwards,1Story,HdBoard,119900
7,1724,2.0,616.0,796.0,806,2003,2,2004,8,7162,Edwards,2Story,HdBoard,196500
6,914,0.0,0.0,914.0,914,2002,1,2002,4,8050,Edwards,1Story,VinylSd,117250
7,2314,2.0,502.0,1150.0,1164,2003,2,2005,9,11060,Edwards,2Story,VinylSd,229000
5,1072,2.0,525.0,547.0,1072,2005,1,2005,5,3675,Edwards,SLvl,VinylSd,145000
6,1072,2.0,525.0,547.0,1072,2005,2,2006,5,3675,Edwards,SFoyer,VinylSd,140000
6,1072,2.0,525.0,547.0,1072,2005,1,2006,5,3675,Edwards,SFoyer,VinylSd,142500
7,1709,2.0,380.0,970.0,970,2004,2,2004,7,2522,Edwards,2Story,VinylSd,134000
7,1709,2.0,380.0,970.0,970,2004,2,2004,7,2522,Edwards,2Story,VinylSd,130000
6,1709,2.0,380.0,970.0,970,2004,2,2006,7,2522,Edwards,2Story,VinylSd,130000
7,1709,2.0,380.0,970.0,970,2004,2,2004,7,2522,Edwards,2Story,VinylSd,137500
7,1708,2.0,380.0,976.0,976,2004,2,2004,7,3363,Edwards,2Story,VinylSd,130000
4,936,1.0,265.0,624.0,624,1948,1,1950,5,6956,Edwards,1.5Fin,VinylSd,97900
6,1338,2.0,528.0,832.0,846,1915,2,1950,7,7822,Edwards,1.5Fin,AsbShng,92000
4,1669,1.0,288.0,1093.0,1093,1924,1,1950,9,8707,Edwards,1.5Fin,Wd Sdng,107000
5,1184,0.0,0.0,658.0,658,1910,1,1996,8,8410,Edwards,1.5Fin,Wd Sdng,81000
5,1221,1.0,392.0,784.0,949,1924,1,1950,7,9738,Edwards,1.5Fin,AsbShng,104900
5,864,2.0,572.0,864.0,864,1955,1,1990,5,8172,Edwards,1Story,WdShing,115000
4,1482,2.0,609.0,954.0,1482,1954,2,1968,6,16012,Edwards,1Story,Wd Sdng,125000
5,1250,1.0,280.0,686.0,686,1918,1,1950,7,8248,Edwards,1.5Fin,Stucco,116000
4,1414,0.0,0.0,864.0,964,1922,1,1950,8,8248,Edwards,1.5Fin,Wd Sdng,83000
4,2230,1.0,440.0,795.0,954,1912,1,1950,10,6204,SWISU,2.5Fin,Wd Sdng,118500
2,498,1.0,216.0,498.0,498,1922,1,1955,3,8088,Edwards,1Story,MetalSd,35000
4,1273,1.0,275.0,616.0,1055,1910,1,1993,5,11388,Edwards,1.5Fin,VinylSd,121000
5,1928,0.0,0.0,686.0,948,1916,2,1995,10,7082,SWISU,2Story,VinylSd,160000
6,1595,1.0,240.0,940.0,1192,1940,1,2000,6,8400,SWISU,1.5Fin,Wd Sdng,140000
5,1551,1.0,240.0,1058.0,1058,1938,2,1950,6,10890,SWISU,1.5Fin,MetalSd,137000
6,1340,1.0,440.0,780.0,816,1945,1,1950,6,6430,SWISU,1.5Fin,Wd Sdng,128000
7,1479,1.0,312.0,624.0,743,1926,1,1997,6,7000,SWISU,2Story,Wd Sdng,160000
5,1784,1.0,180.0,747.0,892,1914,1,1950,9,13132,Crawfor,2Story,Wd Sdng,138887
6,1510,1.0,216.0,755.0,755,1920,1,1950,6,4899,SWISU,2Story,MetalSd,149000
5,1522,0.0,0.0,1008.0,1008,1926,2,1950,7,6000,SWISU,1.5Fin,Wd Sdng,102000
7,1636,1.0,288.0,818.0,818,1919,1,1950,7,9399,Crawfor,2.5Unf,MetalSd,167000
7,1802,1.0,216.0,793.0,901,1920,1,1950,9,7588,Crawfor,2Story,Stucco,200100
5,1465,1.0,240.0,992.0,992,1939,2,1950,6,10164,SWISU,1.5Fin,VinylSd,131000
5,1288,1.0,240.0,824.0,824,1941,1,1950,6,6191,SWISU,1.5Fin,Wd Sdng,112000
7,1717,3.0,642.0,756.0,961,1915,1,1970,7,9550,Crawfor,2Story,Wd Sdng,140000
6,1550,1.0,318.0,817.0,940,1920,1,1950,7,21780,Crawfor,2Story,Wd Sdng,195000
8,1517,2.0,400.0,792.0,792,1929,1,1950,7,11435,Crawfor,2Story,BrkFace,230000
5,1717,1.0,410.0,901.0,1125,1940,1,1950,7,12400,Crawfor,1.5Fin,Wd Sdng,194000
4,1180,1.0,252.0,700.0,1180,1922,1,1950,5,11600,Crawfor,1Story,MetalSd,137500
7,2057,1.0,180.0,1017.0,1020,1936,1,1987,6,11500,Crawfor,1.5Fin,BrkFace,250000
7,1671,2.0,451.0,1022.0,1122,1929,2,1950,7,8170,Crawfor,1.5Fin,Stucco,218000
6,2345,2.0,360.0,952.0,1170,1932,2,1950,9,16560,Crawfor,2Story,Wd Sdng,239000
7,1609,3.0,579.0,637.0,959,1932,1,1990,8,12320,Crawfor,2Story,Wd Sdng,199500
6,1801,2.0,365.0,697.0,1104,1930,1,1959,8,14210,Crawfor,2Story,Wd Sdng,210000
6,1811,2.0,470.0,1073.0,1811,1956,1,2004,6,14115,Crawfor,1Story,Stone,230000
5,1647,2.0,621.0,1430.0,1647,1977,2,1977,7,12984,Crawfor,1Story,Plywood,217500
5,2315,1.0,342.0,1168.0,1278,1950,2,1963,9,15600,Crawfor,2Story,Wd Sdng,257000
5,1336,1.0,375.0,1165.0,1336,1953,1,1953,5,15750,Crawfor,1Story,MetalSd,157000
6,1844,2.0,540.0,1844.0,1844,1969,2,1969,7,16381,Crawfor,1Story,Plywood,223000
5,976,1.0,215.0,976.0,976,1942,1,1950,5,7288,IDOTRR,1Story,MetalSd,102000
6,1285,2.0,506.0,861.0,861,1926,1,1950,6,7000,IDOTRR,1.5Fin,MetalSd,145400
4,672,0.0,0.0,432.0,672,1925,1,1950,4,8534,IDOTRR,1Story,Wd Sdng,72000
4,641,1.0,272.0,641.0,641,1925,1,1950,4,7030,IDOTRR,1Story,MetalSd,85000
4,951,1.0,327.0,951.0,951,1936,1,1950,6,8765,IDOTRR,1Story,Wd Sdng,106500
6,1638,1.0,384.0,967.0,967,1957,2,1957,6,9060,IDOTRR,1.5Fin,MetalSd,139000
4,1336,1.0,570.0,637.0,897,1920,1,1950,7,11040,IDOTRR,1.5Fin,MetalSd,108000
3,729,0.0,0.0,0.0,729,1945,1,1950,5,12366,IDOTRR,1Story,Wd Sdng,51689
2,480,1.0,308.0,480.0,480,1949,0,1950,4,9000,IDOTRR,1Story,AsbShng,35311
5,1396,0.0,0.0,660.0,1060,1951,2,1951,8,9000,IDOTRR,1.5Fin,WdShing,115000
3,936,0.0,0.0,216.0,576,1916,1,1950,6,8520,IDOTRR,1.5Fin,MetalSd,78000
8,1778,2.0,495.0,1573.0,1778,2005,2,2006,5,5748,Crawfor,1Story,CemntBd,375000
8,1646,2.0,525.0,1594.0,1646,2004,2,2005,5,3842,Crawfor,1Story,CemntBd,300000
6,1625,2.0,576.0,1625.0,1625,1979,2,1979,6,23580,Mitchel,1Story,Plywood,242500
6,1664,2.0,616.0,1664.0,1664,1978,2,1978,10,8385,Mitchel,1Story,Plywood,145000
8,1491,2.0,490.0,1491.0,1491,2001,2,2001,7,9116,Mitchel,1Story,VinylSd,209000
6,1004,2.0,504.0,975.0,1004,1977,1,1977,4,10530,Mitchel,SFoyer,Plywood,135000
6,1210,2.0,528.0,1128.0,1210,1975,2,1975,6,11080,Mitchel,SLvl,Plywood,148000
7,1959,3.0,766.0,1907.0,1959,1988,3,1989,9,11070,Mitchel,1Story,VinylSd,171000
7,2519,2.0,628.0,1210.0,1238,1989,2,1990,9,26178,Timber,2Story,MetalSd,335000
7,1295,1.0,312.0,0.0,1295,1986,2,1986,5,8239,GrnHill,1Story,BrkFace,230000
6,1650,2.0,518.0,1632.0,1650,1958,1,1958,6,50102,Timber,1Story,Plywood,250764
8,1707,2.0,511.0,1686.0,1707,1981,2,1981,6,16669,Timber,1Story,Plywood,228000
6,1137,2.0,551.0,1112.0,1137,1987,2,1987,5,13811,Timber,1Story,HdBoard,176000
7,1339,2.0,484.0,1309.0,1339,1990,2,1990,6,8049,Timber,1Story,HdBoard,180000
7,2514,2.0,693.0,1216.0,1298,1990,2,1991,8,11170,Timber,2Story,MetalSd,250000
6,1403,2.0,470.0,1381.0,1403,2000,2,2000,5,8098,Timber,1Story,VinylSd,202000
8,1800,3.0,765.0,1800.0,1800,2002,2,2002,7,14331,Timber,1Story,VinylSd,312500
8,1960,3.0,714.0,1728.0,1960,2005,2,2006,8,13618,Timber,1Story,VinylSd,320000
8,2028,3.0,880.0,1868.0,2028,2005,2,2006,7,11443,Timber,1Story,VinylSd,369900
9,1838,3.0,682.0,1838.0,1838,2005,2,2006,9,11577,Timber,1Story,VinylSd,359900
1,1600,1.0,270.0,0.0,1600,1951,1,1951,6,31250,Mitchel,1Story,CBlock,81500
7,1368,4.0,784.0,1288.0,1368,1997,2,1997,8,7020,Mitchel,SFoyer,MetalSd,215000
6,1216,2.0,402.0,1216.0,1216,1998,2,1998,5,4500,Mitchel,1Story,VinylSd,164000
6,1337,2.0,405.0,1237.0,1337,1998,2,1998,5,4500,Mitchel,1Story,VinylSd,153500
5,1140,0.0,0.0,1140.0,1140,2006,1,2006,6,17217,Mitchel,1Story,VinylSd,84500
5,1304,1.0,336.0,264.0,616,1977,1,1977,5,2665,MeadowV,2Story,CemntBd,104500
5,1475,1.0,336.0,757.0,925,1977,2,1977,6,2665,MeadowV,2Story,CemntBd,127000
6,2521,2.0,576.0,942.0,1291,1973,2,1973,10,3964,MeadowV,2Story,CemntBd,151400
5,874,1.0,288.0,864.0,874,1968,1,2003,5,10172,Mitchel,1Story,Plywood,126500
5,1652,3.0,928.0,1652.0,1652,1970,2,1970,8,11836,Mitchel,1Story,Plywood,146500
4,630,0.0,0.0,630.0,630,1970,1,1970,3,1470,MeadowV,SFoyer,CemntBd,73000
4,1092,1.0,253.0,546.0,546,1972,1,1972,5,1484,MeadowV,2Story,CemntBd,79400
5,1360,1.0,336.0,1104.0,1360,1969,1,1979,8,13384,Mitchel,1Story,Plywood,140000
5,630,0.0,0.0,630.0,630,1970,1,1970,3,1533,MeadowV,SFoyer,CemntBd,92000
4,1092,1.0,286.0,546.0,546,1970,1,1970,5,1533,MeadowV,2Story,CemntBd,87550
4,1092,0.0,0.0,546.0,546,1970,1,1970,5,1526,MeadowV,2Story,CemntBd,79500
4,1092,0.0,0.0,546.0,546,1970,1,1970,5,1936,MeadowV,2Story,CemntBd,90500
4,1092,1.0,286.0,546.0,546,1970,1,1970,6,1894,MeadowV,2Story,CemntBd,71000
6,1728,2.0,574.0,1728.0,1728,1976,2,1976,8,12640,Mitchel,1Story,Plywood,150900
5,1728,2.0,560.0,1728.0,1728,1976,2,1976,8,9297,Mitchel,1Story,Plywood,188000
5,1126,2.0,484.0,1126.0,1126,1977,2,1977,5,17400,Mitchel,1Story,BrkFace,160000
5,1224,2.0,576.0,1224.0,1224,1960,1,1996,7,20000,Mitchel,1Story,VinylSd,131000
6,1003,2.0,588.0,1003.0,1003,1984,1,1984,6,7937,Mitchel,SLvl,HdBoard,142500
5,902,2.0,484.0,864.0,902,1983,1,1983,5,8885,Mitchel,1Story,HdBoard,131000
5,970,0.0,0.0,912.0,970,1992,1,1992,6,10441,Mitchel,SFoyer,HdBoard,132000
5,1389,2.0,418.0,1389.0,1389,1974,1,1975,6,10010,Mitchel,1Story,HdBoard,170000
7,2000,3.0,650.0,996.0,996,1993,2,1994,9,9627,Mitchel,2Story,HdBoard,188000
